step,episode,return,loss
2,1,10.0,0.02426273375749588
3,2,0.0,0.017572984099388123
4,3,0.0,0.01450374349951744
9,4,0.0,0.030599374324083328
11,5,7.0,0.024051589891314507
13,6,0.0,0.031624265015125275
14,7,0.0,0.016993023455142975
16,8,5.0,0.02578219771385193
18,9,0.0,0.02924875169992447
19,10,0.0,0.014511238783597946
23,11,17.0,0.017409183084964752
26,12,0.0,0.02760629914700985
29,13,0.0,0.015406964346766472
32,14,4.0,0.040278736501932144
37,15,0.0,0.029970649629831314
40,16,17.0,0.02961699850857258
42,17,0.0,0.02736678719520569
45,18,10.0,0.02068766951560974
47,19,0.0,0.029401592910289764
48,20,17.0,0.015584948472678661
50,21,0.0,0.028240079060196877
54,22,0.0,0.02766653150320053
56,23,18.0,0.028599390760064125
57,24,4.0,0.0159992016851902
58,25,7.0,0.01471787877380848
60,26,15.0,0.028119606897234917
61,27,4.0,0.014321132563054562
62,28,0.0,0.014635483734309673
65,29,5.0,0.02934654802083969
70,30,0.0,0.024285627529025078
74,31,0.0,0.04803533852100372
77,32,14.0,0.028797641396522522
78,33,0.0,0.016221003606915474
79,34,0.0,0.013848868198692799
81,35,11.0,0.01587194763123989
82,36,0.0,0.01415774691849947
86,37,8.0,0.021116582676768303
89,38,0.0,0.02527705393731594
90,39,0.0,0.013288073241710663
92,40,0.0,0.027410943061113358
96,41,5.0,0.02030957117676735
101,42,0.0,0.04676075652241707
103,43,6.0,0.035776376724243164
108,44,9.0,0.03564871475100517
111,45,0.0,0.03692972660064697
115,46,9.0,0.0456230491399765
116,47,10.0,0.014507409185171127
119,48,19.0,0.030275821685791016
122,49,0.0,0.04177141562104225
125,50,0.0,0.02694316767156124
128,51,1.0,0.030831672251224518
129,52,9.0,0.015554280951619148
130,53,11.0,0.01322409138083458
133,54,0.0,0.030586106702685356
135,55,12.0,0.015967853367328644
136,56,12.0,0.013942748308181763
138,57,0.0,0.03065822459757328
140,58,0.0,0.031920481473207474
142,59,4.0,0.025949658825993538
143,60,0.0,0.011945171281695366
144,61,0.0,0.012028205208480358
148,62,18.0,0.028663979843258858
151,63,0.0,0.027346601709723473
154,64,11.0,0.025138171389698982
155,65,19.0,0.012774796225130558
160,66,0.0,0.04492318630218506
165,67,14.0,0.03273804485797882
167,68,0.0,0.02498270943760872
168,69,0.0,0.012896735221147537
172,70,7.0,0.017067279666662216
173,71,0.0,0.012409606017172337
175,72,0.0,0.02655959315598011
177,73,0.0,0.03222983703017235
181,74,9.0,0.019968098029494286
182,75,0.0,0.015136423520743847
183,76,0.0,0.010848604142665863
185,77,0.0,0.016287541016936302
186,78,0.0,0.013738135807216167
191,79,0.0,0.039694834500551224
193,80,0.0,0.0174965001642704
195,81,3.0,0.02242318168282509
197,82,24.0,0.030631350353360176
200,83,0.0,0.026826441287994385
201,84,0.0,0.013180513866245747
202,85,0.0,0.00981290265917778
203,86,15.0,0.013412677682936192
204,87,8.0,0.013889710418879986
206,88,0.0,0.03295999392867088
207,89,0.0,0.009266599081456661
208,90,0.0,0.009784352034330368
210,91,19.0,0.01763458363711834
211,92,0.0,0.014369813725352287
213,93,10.0,0.02061830461025238
217,94,0.0,0.027205416932702065
220,95,15.0,0.04255004972219467
225,96,0.0,0.05087229609489441
226,97,0.0,0.010147047229111195
228,98,0.0,0.03434794768691063
229,99,11.0,0.013378136791288853
230,100,16.0,0.013470136560499668
231,101,0.0,0.009904209524393082
234,102,24.0,0.03074326366186142
235,103,1.0,0.01365581713616848
236,104,0.0,0.01152394711971283
238,105,0.0,0.026343077421188354
241,106,2.0,0.02072788029909134
242,107,0.0,0.010496845468878746
243,108,0.0,0.008072342723608017
245,109,0.0,0.03337407484650612
246,110,25.0,0.012959669344127178
248,111,0.0,0.020884841680526733
250,112,19.0,0.01831846497952938
252,113,0.0,0.02271259017288685
254,114,0.0,0.027232225984334946
255,115,16.0,0.012210817076265812
256,116,5.0,0.0118903499096632
258,117,0.0,0.029236210510134697
259,118,0.0,0.007294906303286552
260,119,0.0,0.010108400136232376
261,120,0.0,0.011884077452123165
262,121,11.0,0.012082197703421116
264,122,0.0,0.024863652884960175
265,123,0.0,0.007972531020641327
266,124,0.0,0.009551472030580044
269,125,0.0,0.027193639427423477
270,126,6.0,0.013569729402661324
271,127,0.0,0.009821778163313866
272,128,0.0,0.010755596682429314
274,129,24.0,0.033680494874715805
275,130,17.0,0.010557777248322964
280,131,0.0,0.04855949431657791
281,132,0.0,0.009189346805214882
282,133,19.0,0.012941420078277588
283,134,10.0,0.013650725595653057
284,135,0.0,0.008596692234277725
287,136,0.0,0.024453386664390564
291,137,9.0,0.023065265268087387
292,138,0.0,0.010129349306225777
293,139,15.0,0.013153770007193089
294,140,0.0,0.006068774964660406
296,141,7.0,0.016760529950261116
297,142,0.0,0.00764134107157588
298,143,0.0,0.009640847332775593
299,144,0.0,0.005869860295206308
301,145,0.0,0.019085368141531944
303,146,0.0,0.02916579693555832
304,147,0.0,0.007175016682595015
305,148,0.0,0.00467669079080224
307,149,21.0,0.019209448248147964
309,150,0.0,0.02364170551300049
310,151,0.0,0.007117692846804857
311,152,1.0,0.012223581783473492
312,153,0.0,0.005761932581663132
313,154,3.0,0.01295642089098692
314,155,0.0,0.008535253815352917
316,156,14.0,0.016784310340881348
317,157,0.0,0.003463256871327758
318,158,0.0,0.005299029406160116
319,159,0.0,0.005342002492398024
320,160,0.0,0.003068151418119669
321,161,0.0,0.004482407588511705
322,162,0.0,0.006704474333673716
323,163,21.0,0.01135323941707611
324,164,0.0,0.00856553204357624
325,165,0.0,0.006589271128177643
326,166,0.0,0.007882734760642052
327,167,0.0,0.0039851004257798195
328,168,0.0,0.010137767530977726
329,169,0.0,0.00748514523729682
330,170,0.0,0.003884768346324563
331,171,9.0,0.012635924853384495
332,172,0.0,0.0021242068614810705
333,173,0.0,0.008366595953702927
334,174,0.0,0.0030531929805874825
335,175,0.0,0.006207106169313192
336,176,0.0,0.0031643330585211515
337,177,0.0,0.009144017472863197
339,178,0.0,0.021313097327947617
340,179,0.0,0.0062696621753275394
341,180,10.0,0.01282962504774332
342,181,0.0,0.0042718397453427315
343,182,0.0,0.004235752858221531
346,183,13.0,0.043355245143175125
347,184,0.0,0.0019029151881113648
348,185,15.0,0.005075089633464813
349,186,0.0,0.003804403357207775
350,187,0.0,0.0020106136798858643
351,188,0.0,0.00415204418823123
352,189,0.0,0.001790070440620184
353,190,0.0,0.0015232383739203215
354,191,0.0,0.0034459768794476986
355,192,0.0,0.00181579461786896
356,193,0.0,0.0037452804390341043
357,194,0.0,0.002475869609043002
359,195,0.0,0.018871817737817764
360,196,19.0,0.0033893799409270287
361,197,27.0,0.01824277453124523
362,198,0.0,0.0008149576024152339
363,199,0.0,0.0013835405698046088
364,200,23.0,0.018850645050406456
365,201,0.0,0.0033420752733945847
366,202,0.0,0.0011593913659453392
367,203,0.0,0.005262115970253944
368,204,15.0,0.003220482962206006
369,205,0.0,0.0010909306583926082
370,206,0.0,0.0027540933806449175
371,207,18.0,0.016500279307365417
373,208,0.0,0.03290446102619171
374,209,0.0,0.003519914112985134
375,210,0.0,0.0010313307866454124
376,211,0.0,0.0016753923846408725
377,212,0.0,0.0037801170255988836
378,213,0.0,0.0009784996509552002
379,214,0.0,0.00490078330039978
382,215,0.0,0.027028052136301994
383,216,0.0,0.005418992135673761
384,217,0.0,0.002539064735174179
385,218,0.0,0.0009771251352503896
386,219,0.0,0.004159131087362766
387,220,0.0,0.0005745124653913081
388,221,0.0,0.0007362699252553284
389,222,0.0,0.003281957935541868
390,223,0.0,0.0027585672214627266
391,224,0.0,0.0006664443062618375
392,225,0.0,0.0037309108301997185
393,226,0.0,0.0031340394634753466
394,227,0.0,0.0019216274376958609
395,228,0.0,0.00042021035915240645
396,229,0.0,0.0019179414957761765
397,230,13.0,0.01752987504005432
398,231,0.0,0.00039616585127077997
399,232,0.0,0.002502771560102701
400,233,0.0,0.001420411979779601
401,234,0.0,0.0003740239189937711
402,235,0.0,0.0015333699993789196
403,236,0.0,0.0009739375091157854
404,237,0.0,0.0019441675394773483
405,238,0.0,0.002157611772418022
406,239,0.0,0.0020692229736596346
407,240,6.0,0.016803106293082237
408,241,0.0,0.0005918979295529425
409,242,0.0,0.0016425215872004628
410,243,0.0,0.00037703514681197703
411,244,0.0,0.0004969787551090121
412,245,0.0,0.0017602038569748402
413,246,0.0,0.0007767033530399203
414,247,0.0,0.0014090918703004718
415,248,0.0,0.0005982803995721042
416,249,0.0,0.001904606819152832
417,250,14.0,0.02002664841711521
418,251,0.0,0.0022814797703176737
419,252,0.0,0.0019392514368519187
420,253,0.0,0.0003687739372253418
421,254,0.0,0.00022960423666518182
422,255,0.0,0.0014590548817068338
423,256,0.0,0.0003065585915464908
424,257,0.0,0.0013848375529050827
425,258,0.0,0.0024154377169907093
426,259,15.0,0.02370857261121273
427,260,0.0,0.0020960092078894377
428,261,0.0,0.0007623934652656317
429,262,0.0,0.002049644012004137
430,263,0.0,0.001359083573333919
431,264,0.0,0.0005965018062852323
433,265,0.0,0.033529527485370636
434,266,0.0,0.001918964320793748
435,267,0.0,0.0027351330500096083
436,268,0.0,0.0004977345233783126
437,269,0.0,0.0003664064279291779
438,270,8.0,0.01820320449769497
439,271,10.0,0.0023414683528244495
440,272,0.0,0.0011744356015697122
441,273,16.0,0.02186485193669796
442,274,0.0,0.0013736700639128685
443,275,0.0,0.00021769761224277318
444,276,0.0,0.000851562013849616
445,277,0.0,0.0023564505390822887
446,278,0.0,0.0023156474344432354
447,279,0.0,0.00028970479615963995
448,280,0.0,0.0032498191576451063
449,281,0.0,0.00017108202155213803
450,282,0.0,0.0008024239214137197
451,283,0.0,0.00016233920177910477
452,284,0.0,0.00040734527283348143
453,285,0.0,0.001062107039615512
455,286,0.0,0.022757310420274734
456,287,0.0,0.002936134347692132
457,288,0.0,0.00014838934293948114
458,289,0.0,0.0033262502402067184
459,290,0.0,0.0013920771889388561
460,291,0.0,0.0007022094796411693
461,292,0.0,0.0005191969685256481
462,293,23.0,0.02467636577785015
463,294,1.0,0.003369694808498025
464,295,0.0,0.0006581544876098633
465,296,0.0,0.00029663799796253443
466,297,13.0,0.02018154039978981
467,298,0.0,0.0032712172251194715
468,299,0.0,0.0007666778401471674
469,300,0.0,0.0011855578050017357
470,301,0.0,0.0017678284784778953
471,302,0.0,0.0005043601850047708
472,303,0.0,0.0027925968170166016
473,304,0.0,0.0001723980822134763
474,305,0.0,0.0008569383644498885
475,306,0.0,0.00021081685554236174
476,307,0.0,0.001754577155224979
477,308,0.0,0.00017472743638791144
478,309,0.0,9.860753925750032e-05
479,310,0.0,0.00037685155984945595
480,311,0.0,0.0015649843262508512
481,312,0.0,0.0004523062671069056
482,313,0.0,0.0023378394544124603
483,314,0.0,0.00041161058470606804
484,315,0.0,0.0026844595558941364
485,316,0.0,0.0001910066494019702
486,317,0.0,0.002596610691398382
487,318,0.0,0.0003526186919771135
488,319,0.0,0.0017148088663816452
489,320,0.0,0.004369401838630438
490,321,0.0,0.00012910127406939864
491,322,0.0,0.001943998271599412
492,323,0.0,0.0003701210080180317
493,324,0.0,0.001594600616954267
494,325,9.0,0.017762497067451477
495,326,0.0,0.0006526422221213579
496,327,0.0,0.000392053130781278
497,328,0.0,0.0013819837477058172
498,329,0.0,0.001571764936670661
499,330,0.0,0.00015982150216586888
500,331,0.0,0.0011427211575210094
501,332,0.0,0.0015582870692014694
502,333,0.0,0.0004965495900250971
503,334,0.0,0.0015660595381632447
504,335,0.0,0.0002594304096419364
505,336,0.0,0.002264878712594509
506,337,1.0,0.015497793443500996
507,338,0.0,0.0004098176723346114
508,339,0.0,0.0018756246427074075
509,340,0.0,0.0014813279267400503
510,341,0.0,6.67524291202426e-05
511,342,16.0,0.0232549998909235
512,343,0.0,0.00027705429238267243
513,344,0.0,7.255792297655717e-05
514,345,0.0,0.0005714130238629878
515,346,0.0,8.39185668155551e-05
516,347,0.0,0.00026273250114172697
517,348,0.0,0.0003748369053937495
518,349,0.0,2.4800299797789194e-05
519,350,0.0,0.0002972674265038222
520,351,0.0,0.001628043595701456
521,352,0.0,0.0012666726252064109
522,353,0.0,0.00019828318909276277
523,354,0.0,0.0016959714703261852
524,355,0.0,0.001908378559164703
525,356,0.0,0.0018869256600737572
526,357,0.0,0.0002006268477998674
527,358,0.0,0.00017597436089999974
528,359,0.0,0.002279901411384344
529,360,9.0,0.001198782934807241
530,361,0.0,0.0010314368410035968
531,362,0.0,0.00013963460514787585
532,363,0.0,0.002265851479023695
533,364,0.0,5.340337520465255e-05
534,365,0.0,0.000115582937723957
535,366,0.0,0.00023107290326151997
536,367,0.0,0.0016605997225269675
537,368,0.0,3.853797898045741e-05
538,369,0.0,0.0005772066069766879
539,370,0.0,7.557153730886057e-05
540,371,0.0,0.0001713609672151506
541,372,0.0,1.8181799532612786e-05
542,373,0.0,2.9530525353038684e-05
543,374,0.0,0.001910953433252871
544,375,0.0,0.0008527779136784375
545,376,0.0,0.0008124231826514006
546,377,0.0,0.0001675867970334366
547,378,0.0,0.00019151925516780466
548,379,0.0,0.0013571357121691108
549,380,0.0,0.0002439856471028179
550,381,0.0,0.00024568079970777035
551,382,0.0,0.00011538744001882151
552,383,0.0,0.0008569312049075961
553,384,0.0,0.0005489563918672502
554,385,0.0,4.982233076589182e-05
555,386,0.0,0.00023927449365146458
556,387,0.0,0.0007117080385796726
557,388,0.0,0.0005822753882966936
558,389,0.0,0.0002542853180784732
559,390,0.0,0.00011316537711536512
560,391,0.0,0.0005815863260067999
561,392,0.0,6.741523247910663e-05
562,393,0.0,0.000622360676061362
563,394,0.0,0.0009028935455717146
564,395,0.0,0.0006094503332860768
565,396,0.0,0.0001673412334639579
566,397,0.0,0.0007089042337611318
567,398,0.0,0.0015462922165170312
569,399,0.0,0.04201760143041611
570,400,0.0,5.249261812423356e-05
571,401,0.0,0.000971376895904541
572,402,6.0,0.00179250945802778
573,403,0.0,0.00022577046183869243
574,404,0.0,0.00016626834985800087
575,405,0.0,7.062673103064299e-05
576,406,14.0,0.02811073325574398
577,407,0.0,0.0005460738902911544
578,408,13.0,0.0006843447335995734
579,409,0.0,0.00010187386942561716
580,410,0.0,0.0005440640379674733
581,411,0.0,0.0003650498401839286
582,412,0.0,2.5429724701098166e-05
583,413,11.0,0.02483096532523632
584,414,0.0,2.954006049549207e-05
585,415,0.0,0.00139081000816077
586,416,0.0,0.0008078909013420343
587,417,0.0,0.0010179972741752863
588,418,0.0,6.707429565722123e-05
589,419,0.0,0.0003848814812954515
590,420,0.0,0.0007622408447787166
591,421,15.0,0.000949482899159193
592,422,0.0,0.0003878212010022253
593,423,0.0,0.0004196119261905551
594,424,0.0,0.0007897663163021207
595,425,0.0,0.0005320500931702554
596,426,0.0,0.0010063432855531573
597,427,5.0,0.0010269689373672009
598,428,15.0,0.0005772709846496582
599,429,0.0,0.0005106782773509622
600,430,14.0,0.0006628250703215599
601,431,0.0,3.426551847951487e-05
602,432,0.0,0.0001364326453767717
603,433,0.0,5.413293547462672e-05
604,434,0.0,0.0012963032349944115
605,435,0.0,0.0017710232641547918
606,436,11.0,0.0007704758318141103
607,437,0.0,0.0013649796601384878
608,438,10.0,0.0009775066282600164
609,439,0.0,0.0001472210860811174
610,440,0.0,0.0004637718084268272
611,441,0.0,0.0001991915632970631
612,442,0.0,3.447055860306136e-05
613,443,0.0,0.00033139227889478207
614,444,14.0,0.0007542467210441828
615,445,0.0,0.0010361862368881702
616,446,0.0,0.00033812044421210885
617,447,0.0,0.0001397871965309605
618,448,0.0,4.566431016428396e-05
619,449,19.0,0.0005349874263629317
620,450,2.0,0.0019202041439712048
621,451,0.0,0.00020015478366985917
622,452,12.0,0.0004140663077123463
623,453,0.0,0.0001571631437400356
624,454,0.0,0.00010461806959938258
625,455,0.0,0.00011451244063209742
626,456,5.0,0.0017882990650832653
627,457,0.0,0.0006840562564320862
628,458,9.0,0.000755603308789432
629,459,0.0,0.0006778049282729626
630,460,13.0,0.0008593368111178279
631,461,14.0,0.0003653573803603649
632,462,8.0,0.0008098292164504528
633,463,0.0,1.0528564416745212e-05
634,464,0.0,6.484270124929026e-05
635,465,18.0,0.0002956819371320307
636,466,0.0,1.5492438251385465e-05
637,467,24.0,0.03780181705951691
638,468,0.0,0.00011460304085630924
639,469,8.0,0.032769449055194855
640,470,0.0,0.0009098839364014566
641,471,0.0,0.00036441325210034847
642,472,13.0,0.0007350349333137274
643,473,12.0,0.0006061148596927524
644,474,0.0,0.0008330249693244696
645,475,0.0,0.0001489186252001673
646,476,7.0,0.0007314634276553988
647,477,0.0,6.0794351156800985e-05
648,478,0.0,0.0008753847796469927
649,479,0.0,0.001088836113922298
650,480,0.0,6.33430463494733e-05
651,481,0.0,3.526449290802702e-05
652,482,0.0,0.0012535785790532827
653,483,0.0,7.368803198914975e-05
654,484,0.0,7.066965190460905e-05
655,485,0.0,0.0010926794493570924
656,486,0.0,3.5324097552802414e-05
657,487,0.0,0.00010128259600605816
658,488,0.0,0.0010114646283909678
659,489,0.0,3.292083783890121e-05
660,490,0.0,0.0008630657102912664
661,491,0.0,0.0004631805350072682
662,492,0.0,0.0002232003171229735
663,493,0.0,0.00048227308434434235
664,494,0.0,6.347179441945627e-05
665,495,0.0,9.075164416572079e-05
666,496,0.0,4.814386193174869e-05
667,497,0.0,0.00011824368993984535
668,498,0.0,0.0003293061163276434
669,499,0.0,6.104707426857203e-05
670,500,11.0,0.0012730192393064499
671,501,0.0,0.0012252831365913153
672,502,0.0,4.31680673500523e-05
673,503,0.0,1.2359619177004788e-05
674,504,0.0,0.0006215620087459683
675,505,0.0,0.0009966635843738914
676,506,27.0,0.0391102097928524
677,507,0.0,1.3847350601281505e-05
678,508,9.0,0.0010287666227668524
679,509,0.0,0.0009948110673576593
680,510,16.0,0.00073459860868752
681,511,0.0,2.994537317135837e-05
682,512,0.0,1.5091895875229966e-05
683,513,0.0,0.00018868922779802233
684,514,0.0,0.0009484052425250411
685,515,0.0,0.00010678052785806358
686,516,0.0,9.090423554880545e-05
687,517,0.0,1.5783309208927676e-05
688,518,0.0,0.0008918308885768056
689,519,0.0,4.23121455241926e-05
690,520,0.0,0.00045257568126544356
691,521,0.0,4.9865244363900274e-05
692,522,0.0,1.413345307810232e-05
693,523,0.0,5.679607420461252e-05
694,524,0.0,9.208678966388106e-05
695,525,11.0,0.0011332726571708918
696,526,0.0,7.012843707343563e-05
697,527,0.0,0.00021673917945008725
698,528,0.0,3.065824421355501e-05
699,529,11.0,0.000763373333029449
700,530,0.0,3.821611244347878e-05
701,531,5.0,0.023818258196115494
702,532,0.0,0.0012008905177935958
703,533,0.0,6.0212609241716564e-05
704,534,0.0,4.953861207468435e-05
705,535,7.0,0.0009555029682815075
706,536,0.0,0.00015876292309258133
707,537,0.0,1.6403197150793858e-05
708,538,0.0,0.0006107997614890337
709,539,15.0,0.0007042288780212402
710,540,0.0,0.0003759097889997065
711,541,0.0,3.75914569303859e-05
712,542,0.0,3.9505957829533145e-05
713,543,13.0,0.0008783817174844444
714,544,0.0,0.0008503174758516252
715,545,0.0,0.0001086187330656685
716,546,0.0,0.0012447118060663342
717,547,0.0,0.00128375762142241
718,548,0.0,3.937005749321543e-05
719,549,20.0,0.000534272170625627
720,550,9.0,0.024230262264609337
721,551,0.0,2.2540092686540447e-05
722,552,0.0,0.0007329106447286904
723,553,0.0,0.000860216619912535
724,554,0.0,0.0004396104777697474
725,555,0.0,0.00011596440890571102
726,556,0.0,4.4422147766454145e-05
727,557,4.0,0.0011782359797507524
728,558,0.0,2.5892257326631807e-05
729,559,0.0,4.28676612500567e-05
730,560,0.0,0.0012530398089438677
731,561,0.0,2.781867988232989e-05
732,562,0.0,0.0007558250217698514
733,563,0.0,1.607894773769658e-05
734,564,0.0,0.0007349657826125622
735,565,0.0,1.8811226254911162e-05
736,566,0.0,5.692243576049805e-05
737,567,0.0,0.0008652591495774686
738,568,0.0,7.4100494202866685e-06
739,569,0.0,1.1715888831531629e-05
740,570,0.0,4.1716099076438695e-05
741,571,0.0,0.0012057351414114237
742,572,0.0,4.711866131401621e-05
743,573,0.0,2.4981498427223414e-05
744,574,0.0,1.432418775948463e-05
745,575,0.0,3.2949446904240176e-05
746,576,0.0,9.745597344590351e-05
747,577,0.0,6.663084059255198e-05
748,578,0.0,0.00010119199578184634
749,579,6.0,0.0013221835251897573
750,580,0.0,7.768630894133821e-05
751,581,0.0,6.096124343457632e-05
752,582,0.0,0.0004905128153041005
753,583,0.0,0.0008902358822524548
754,584,0.0,5.2311417675809935e-05
755,585,0.0,5.9664249420166016e-05
756,586,0.0,0.00015110730601008981
757,587,0.0,4.3036936403950676e-05
758,588,0.0,2.4976729037007317e-05
759,589,0.0,0.0007372712716460228
760,590,13.0,0.0006293058395385742
761,591,12.0,0.00059726950712502
762,592,0.0,3.425359682296403e-05
763,593,0.0,0.0009085011552087963
764,594,0.0,2.443313496769406e-05
765,595,0.0,2.74538979283534e-05
766,596,0.0,7.591962639708072e-05
767,597,0.0,4.230260674376041e-05
768,598,0.0,0.0007639384130015969
769,599,0.0,2.3469923689845018e-05
770,600,0.0,1.3389587365963962e-05
771,601,22.0,0.03304818272590637
772,602,0.0,0.0005854177288711071
773,603,0.0,2.753496119112242e-05
774,604,0.0,0.00013971567386761308
775,605,0.0,6.203413067851216e-05
776,606,0.0,2.2549627828993835e-05
777,607,0.0,0.0008132028160616755
778,608,0.0,1.2931823221151717e-05
779,609,0.0,0.0007645773584954441
780,610,17.0,0.0005385208060033619
781,611,0.0,1.1391639418434352e-05
782,612,14.0,0.0008346557151526213
783,613,0.0,0.0016946196556091309
784,614,0.0,0.0006211113650351763
785,615,15.0,0.0008060621912591159
786,616,0.0,0.0002132987865479663
787,617,0.0,6.756543734809384e-05
788,618,0.0,1.192569743579952e-05
789,619,0.0,0.0007475280435755849
790,620,0.0,7.575988274766132e-05
791,621,0.0,0.0007369017694145441
792,622,0.0,0.0004106283013243228
793,623,0.0,0.00014780521451029927
794,624,0.0,4.238605470163748e-05
795,625,0.0,0.0003762435808312148
796,626,0.0,0.0005419397493824363
797,627,0.0,0.00036842821282334626
798,628,0.0,2.4802684492897242e-05
799,629,0.0,0.0014720916515216231
800,630,0.0,0.000481944065541029
801,631,0.0,0.00012318610970396549
802,632,6.0,0.00108547683339566
803,633,0.0,0.0006445359904319048
804,634,0.0,4.601478576660156e-05
805,635,0.0,0.0001425218506483361
806,636,0.0,3.01623331324663e-05
807,637,11.0,0.0006255030748434365
808,638,0.0,0.0002626085188239813
809,639,0.0,0.0002792453742586076
810,640,0.0,2.49958029598929e-05
811,641,0.0,8.881807298166677e-05
812,642,9.0,0.0004085588443558663
813,643,0.0,0.00020733832207042724
814,644,20.0,0.0004195833171252161
815,645,0.0,5.6440829212078825e-05
816,646,0.0,1.6360281733796e-05
817,647,0.0,0.00046697616926394403
818,648,0.0,2.4657249014126137e-05
819,649,14.0,0.00044612883357331157
820,650,10.0,0.0004582309629768133
821,651,0.0,1.793861338228453e-05
822,652,0.0,3.180980638717301e-05
823,653,25.0,0.00023253916879184544
824,654,0.0,0.00033469675690867007
825,655,0.0,4.134893242735416e-05
826,656,0.0,0.0007237792015075684
827,657,15.0,0.0004203033458907157
828,658,0.0,9.903907994157635e-06
829,659,0.0,7.81464550527744e-05
830,660,0.0,7.514953267673263e-06
831,661,0.0,0.0006428956985473633
832,662,9.0,0.0007347011123783886
833,663,0.0,0.00045013902126811445
834,664,0.0,3.16238401865121e-05
835,665,0.0,0.0006036424310877919
836,666,0.0,0.000870044226758182
837,667,0.0,1.1768341209972277e-05
838,668,0.0,0.0007948255515657365
839,669,15.0,0.0004877758037764579
840,670,0.0,8.069276373134926e-05
841,671,0.0,0.0002576541737653315
842,672,0.0,3.841638317680918e-05
843,673,0.0,5.939483526162803e-05
844,674,0.0,0.00034135818714275956
845,675,0.0,5.974769464955898e-06
846,676,0.0,7.414340507239103e-05
847,677,8.0,0.000617604237049818
848,678,0.0,0.00015676736074965447
849,679,0.0,9.708403922559228e-06
850,680,0.0,0.00011901855032192543
851,681,9.0,0.00027247428079135716
852,682,0.0,4.5096872781869024e-05
853,683,0.0,8.840560440148693e-06
854,684,0.0,0.00024479388957843184
855,685,0.0,0.0005311131244525313
856,686,0.0,0.0001873016299214214
857,687,0.0,4.6672819735249504e-05
858,688,0.0,2.292632962053176e-05
859,689,0.0,0.00021365641441661865
860,690,0.0,1.5234946658893023e-05
861,691,0.0,2.3465156118618324e-05
862,692,0.0,4.079341670149006e-05
863,693,0.0,1.5006065041234251e-05
864,694,0.0,1.9826888092211448e-05
865,695,9.0,0.0005491828778758645
866,696,0.0,0.00030984877957962453
867,697,0.0,1.4877318790240679e-06
868,698,2.0,0.00040111778071150184
869,699,7.0,0.0005543684819713235
870,700,0.0,7.324218586290954e-06
871,701,0.0,4.870891643804498e-05
872,702,0.0,2.937316821771674e-05
873,703,0.0,5.784034783573588e-06
874,704,0.0,0.0006158900214359164
875,705,0.0,1.2941360182594508e-05
876,706,0.0,1.449584942747606e-05
877,707,4.0,0.0005116033717058599
878,708,0.0,0.0001412343990523368
879,709,0.0,0.00015332698239944875
880,710,11.0,0.0003474235418252647
881,711,6.0,0.0006946229841560125
882,712,0.0,1.0757446034403984e-05
883,713,20.0,0.0001238679833477363
884,714,0.0,2.2382735551218502e-05
885,715,2.0,0.0006956958677619696
886,716,0.0,0.00012844084994867444
887,717,0.0,5.416869953478454e-06
888,718,19.0,0.0001859998592408374
889,719,0.0,0.0001917505287565291
890,720,0.0,0.00035477636265568435
891,721,13.0,0.00015481948503293097
892,722,0.0,3.155231388518587e-05
893,723,0.0,7.945537072373554e-05
894,724,0.0,5.199670704314485e-05
895,725,0.0,4.401206751936115e-06
896,726,0.0,0.00023882865207269788
897,727,0.0,0.00023094176140148193
898,728,0.0,1.4019011587151908e-06
899,729,16.0,0.0002765512326732278
900,730,0.0,5.0067901611328125e-06
901,731,0.0,0.000376822950784117
902,732,7.0,0.0004837369779124856
903,733,0.0,6.2036510826146696e-06
904,734,28.0,0.0557851679623127
905,735,0.0,4.19616708313697e-06
906,736,0.0,1.2841224815929309e-05
907,737,0.0,2.923011606981163e-06
908,738,9.0,0.00018040656868834049
909,739,0.0,9.574890100338962e-06
910,740,0.0,1.1739730325643905e-05
911,741,0.0,9.7370148068876e-06
912,742,0.0,3.5953521546616685e-06
913,743,0.0,0.00010571479651844129
914,744,0.0,3.4797190892277285e-05
915,745,0.0,5.0523278332548216e-05
916,746,0.0,2.5663375708973035e-05
917,747,0.0,5.908489038120024e-05
918,748,0.0,0.0003678131033666432
919,749,0.0,2.8424261472537182e-05
920,750,0.0,0.00013699530973099172
921,751,0.0,1.3217925697972532e-05
922,752,0.0,0.00019951819558627903
923,753,0.0,0.00010897636093432084
924,754,0.0,7.619619282195345e-05
925,755,0.0,0.00013630390458274633
926,756,0.0,8.7087151769083e-05
927,757,0.0,0.0002365970576647669
928,758,21.0,0.000334782584104687
929,759,4.0,0.0003815460077021271
930,760,0.0,1.7552374629303813e-05
931,761,0.0,0.00019200801034457982
932,762,0.0,3.059387017856352e-05
933,763,7.0,0.000591413932852447
934,764,0.0,1.4147758520266507e-05
935,765,0.0,0.0004052543663419783
936,766,0.0,7.472038305422757e-06
937,767,0.0,0.00022309302585199475
938,768,0.0,2.593994167909841e-06
939,769,0.0,0.00010467528773006052
940,770,0.0,1.1048316991946194e-05
941,771,0.0,9.932517968991306e-06
942,772,0.0,3.742456465261057e-05
943,773,5.0,0.0007249140762723982
944,774,0.0,0.000124073019833304
945,775,0.0,5.6571960158180445e-05
946,776,12.0,0.00029678820283152163
947,777,15.0,0.0002574586833361536
948,778,0.0,0.0005817842320539057
949,779,0.0,4.186630121694179e-06
950,780,0.0,9.856224096438382e-06
951,781,0.0,0.0002715110604185611
952,782,11.0,0.00021043776359874755
953,783,4.0,0.0005528568872250617
954,784,0.0,3.7183759559411556e-05
955,785,0.0,0.0002941942075267434
956,786,0.0,1.4781951904296875e-05
957,787,0.0,1.918315865623299e-05
958,788,0.0,1.127243012888357e-05
959,789,0.0,5.359649549063761e-06
960,790,2.0,0.0005028915475122631
961,791,0.0,3.23200220009312e-05
962,792,0.0,2.1295547412591986e-05
963,793,0.0,2.8753279366355855e-06
964,794,0.0,0.00020221709564793855
965,795,0.0,5.693435468856478e-06
966,796,14.0,0.0002083873696392402
967,797,0.0,8.755683666095138e-05
968,798,0.0,3.5257337003713474e-05
969,799,0.0,0.0005517363315448165
970,800,0.0,0.00032260894658975303
971,801,0.0,1.664161572989542e-05
972,802,0.0,7.119178462744458e-06
973,803,0.0,3.948211542592617e-06
974,804,15.0,0.0001525020634289831
975,805,0.0,3.08132148347795e-05
976,806,0.0,4.572868419927545e-06
977,807,10.0,0.00023929595772642642
978,808,0.0,0.00023685931228101254
979,809,0.0,0.00016113280435092747
980,810,0.0,4.444122168933973e-06
981,811,22.0,0.00011826038098661229
982,812,0.0,1.8262862795381807e-06
983,813,5.0,0.03158442676067352
984,814,0.0,0.0003719186643138528
985,815,0.0,3.566741952454322e-06
986,816,0.0,0.00039725779788568616
987,817,0.0,0.00016564845282118767
988,818,0.0,2.151965964003466e-05
989,819,0.0,3.134012149530463e-05
990,820,0.0,9.841918654274195e-06
991,821,4.0,0.00029760360484942794
992,822,0.0,4.673004150390625e-05
993,823,0.0,1.2054442777298391e-05
994,824,0.0,0.000306978210574016
995,825,0.0,9.47475382417906e-06
996,826,0.0,4.0340423765883315e-06
997,827,0.0,2.0866393242613412e-05
998,828,0.0,1.2826919828512473e-06
999,829,4.0,0.03202388063073158
1000,830,8.0,0.00024569511879235506
1001,831,0.0,1.9397735741222277e-05
1002,832,0.0,5.9986114138155244e-06
1003,833,9.0,0.00043713091872632504
1004,834,0.0,5.574226179305697e-06
1005,835,0.0,1.2965201676706783e-05
1006,836,15.0,0.0002961015561595559
1007,837,0.0,7.014274615357863e-06
1008,838,0.0,0.00018868922779802233
1009,839,8.0,0.0004965782281942666
1010,840,0.0,2.6483534384169616e-05
1011,841,0.0,2.3365021206700476e-06
1012,842,0.0,0.0007652139756828547
1013,843,0.0,2.29883189604152e-05
1014,844,0.0,0.0002350950235268101
1015,845,0.0,1.968383730854839e-05
1016,846,0.0,7.154941704357043e-05
1017,847,12.0,0.0002496528613846749
1018,848,0.0,0.0003105115902144462
1019,849,0.0,0.00011256694415351376
1020,850,0.0,0.0003218698548153043
1021,851,3.0,0.0006660342332907021
1022,852,0.0,0.0007830309914425015
1023,853,10.0,0.00038241385482251644
1024,854,0.0,2.7759075237554498e-05
1025,855,0.0,3.720283348229714e-05
1026,856,0.0,0.00017310141993220896
1027,857,0.0,0.00030200002947822213
1028,858,0.0,2.152919660147745e-05
1029,859,0.0,0.0007180690881796181
1030,860,0.0,4.7283170715672895e-05
1031,861,0.0,4.5394895096251275e-06
1032,862,0.0,1.7452239262638614e-05
1033,863,0.0,3.465652480372228e-05
1034,864,0.0,6.117820703366306e-06
1035,865,22.0,0.000296635611448437
1036,866,13.0,0.030440332368016243
1037,867,0.0,5.190849333303049e-05
1038,868,0.0,5.536079243029235e-06
1039,869,0.0,0.0003440284635871649
1040,870,0.0,6.909370313223917e-06
1041,871,0.0,0.00022729396005161107
1042,872,0.0,1.6345977201126516e-05
1043,873,0.0,0.00040768622420728207
1044,874,0.0,2.8924941943841986e-05
1045,875,0.0,0.0002950143825728446
1046,876,0.0,3.800630656769499e-05
1047,877,0.0,0.0004325532936491072
1048,878,0.0,7.905960046628024e-06
1049,879,0.0,1.4376640137925278e-05
1050,880,0.0,1.070022517524194e-05
1051,881,5.0,0.0004730391374323517
1052,882,4.0,0.0008095025550574064
1053,883,8.0,0.0004778051225002855
1054,884,0.0,8.060693653533235e-05
1055,885,0.0,0.00045675752335228026
1056,886,0.0,0.000278553954558447
1057,887,1.0,0.0011062287958338857
1058,888,0.0,2.9299259040271863e-05
1059,889,1.0,0.02283663861453533
1060,890,0.0,2.6407240511616692e-05
1061,891,13.0,0.0004641628183890134
1062,892,0.0,6.812810897827148e-05
1064,893,0.0,0.04122656583786011
1065,894,0.0,3.0863284337101504e-05
1066,895,0.0,2.429246887913905e-05
1067,896,0.0,7.162093879742315e-06
1068,897,10.0,0.027119306847453117
1069,898,0.0,5.157709165359847e-05
1070,899,17.0,0.027208706364035606
1071,900,0.0,1.2044906725350302e-05
1072,901,0.0,3.300428215879947e-05
1073,902,0.0,1.3356208910408895e-05
1074,903,0.0,4.423618156579323e-05
1075,904,0.0,0.00012394427903927863
1076,905,0.0,5.704879731638357e-05
1077,906,0.0,0.0001891422289190814
1078,907,0.0,0.0013000249164178967
1079,908,0.0,1.9760131181101315e-05
1080,909,0.0,7.1969028795138e-05
1081,910,0.0,7.771968375891447e-05
1082,911,0.0,4.97913351864554e-05
1083,912,0.0,0.001097528962418437
1084,913,0.0,3.642082083388232e-05
1085,914,0.0,0.0016218590317294002
1086,915,0.0,0.001043322030454874
1087,916,9.0,0.021606827154755592
1088,917,0.0,0.0016875599976629019
1089,918,0.0,0.00022652625921182334
1090,919,0.0,0.00020589113410096616
1091,920,0.0,2.3522376068285666e-05
1092,921,0.0,0.0009816407691687346
1093,922,0.0,0.0007863068603910506
1094,923,0.0,0.00016186713764909655
1095,924,0.0,8.535861707059667e-05
1096,925,2.0,0.01712491177022457
1097,926,0.0,0.00018169402028433979
1098,927,0.0,0.00011276960140094161
1099,928,0.0,0.0012159943580627441
1100,929,0.0,0.0022288537584245205
1101,930,0.0,0.001614584936760366
1102,931,0.0,0.00013732194202020764
1103,932,0.0,6.897449202369899e-05
1104,933,0.0,0.0020482800900936127
1105,934,0.0,0.00207177153788507
1106,935,0.0,0.0017246865900233388
1107,936,0.0,0.0024990986566990614
1108,937,0.0,3.19743157888297e-05
1109,938,0.0,0.00026044846163131297
1110,939,0.0,0.00011944055586354807
1111,940,0.0,0.0017278456361964345
1112,941,0.0,3.750085670617409e-05
1113,942,0.0,9.307861546403728e-06
1114,943,0.0,0.0018917011329904199
1115,944,0.0,0.00020917653455398977
1116,945,0.0,0.0019444775534793735
1117,946,0.0,0.00019228458404541016
1118,947,0.0,3.060579183511436e-05
1119,948,0.0,0.0007146048592403531
1120,949,0.0,0.0007148790173232555
1121,950,0.0,0.00011495828221086413
1122,951,0.0,0.0010868263198062778
1123,952,0.0,3.9131638914113864e-05
1124,953,0.0,2.3927688744151965e-05
1125,954,0.0,1.980543129320722e-05
1126,955,0.0,1.1739730325643905e-05
1127,956,0.0,8.134364907164127e-05
1128,957,0.0,3.989458127762191e-05
1129,958,0.0,0.0002512001956347376
1130,959,10.0,0.0016910504782572389
1131,960,0.0,2.006769136642106e-05
1132,961,0.0,0.0008895325590856373
1133,962,0.0,2.292871431563981e-05
1134,963,0.0,0.0013523077359423041
1135,964,0.0,0.000778009882196784
1136,965,0.0,1.6474723452120088e-05
1137,966,0.0,1.3113021850585938e-05
1138,967,0.0,0.000973637099377811
1139,968,0.0,0.0009634256130084395
1140,969,0.0,0.0003563308564480394
1141,970,0.0,7.996559361345135e-06
1142,971,0.0,4.2941570427501574e-05
1143,972,0.0,1.8703936802921817e-05
1144,973,0.0,1.4567374819307588e-05
1145,974,0.0,0.0006402874132618308
1146,975,0.0,0.00022248983441386372
1147,976,0.0,0.0009605717496015131
1148,977,0.0,8.997440454550087e-05
1149,978,0.0,3.314018249511719e-05
1150,979,0.0,0.00048757073818705976
1151,980,0.0,2.1646023014909588e-05
1152,981,0.0,9.92774948826991e-06
1153,982,0.0,0.000822875474113971
1154,983,0.0,1.2016295841021929e-05
1155,984,0.0,0.0004882383218500763
1156,985,0.0,0.0006270694429986179
1157,986,8.0,0.026295451447367668
1158,987,0.0,0.0008946132729761302
1159,988,0.0,0.0006975436117500067
1160,989,0.0,0.0006095027783885598
1161,990,0.0,0.0006260013324208558
1162,991,0.0,9.417533874511719e-06
1163,992,0.0,6.429195491364226e-05
1164,993,0.0,1.1959075891354587e-05
1165,994,0.0,1.2812613931600936e-05
1166,995,0.0,3.2236574043054134e-05
1167,996,0.0,6.7090986703988165e-06
1168,997,0.0,0.00011907577572856098
1169,998,0.0,0.0008771252469159663
1170,999,0.0,0.00044111249735578895
1171,1000,0.0,0.0006405639578588307
1172,1001,0.0,0.00034312246134504676
1173,1002,0.0,2.831697383953724e-05
1174,1003,0.0,4.730224645754788e-06
1175,1004,0.0,2.5761126380530186e-05
1176,1005,0.0,7.491111773560988e-06
1177,1006,0.0,1.547813371871598e-05
1178,1007,0.0,0.0010139798978343606
1179,1008,0.0,0.0009010839276015759
1180,1009,0.0,0.0007644915604032576
1181,1010,0.0,0.00031736373784951866
1182,1011,0.0,0.0003806257154792547
1183,1012,0.0,0.0008989738998934627
1184,1013,0.0,0.00046545505756512284
1185,1014,0.0,0.00039987085619941354
1186,1015,0.0,8.20159912109375e-05
1187,1016,0.0,2.8676986403297633e-05
1188,1017,0.0,0.0004459857882466167
1189,1018,0.0,4.74333755846601e-05
1190,1019,0.0,0.0006559586618095636
1191,1020,0.0,0.0004507064586505294
1192,1021,0.0,5.798339770990424e-06
1193,1022,0.0,0.001003773184493184
1194,1023,0.0,0.0007742356974631548
1195,1024,0.0,3.285407956354902e-06
1196,1025,0.0,0.0003887033381033689
1197,1026,0.0,0.0003229665744584054
1198,1027,0.0,0.0008410263108089566
1199,1028,0.0,0.00035858154296875
1200,1029,0.0,0.00046154976007528603
1201,1030,0.0,1.2140273611294106e-05
1202,1031,0.0,1.0585784366412554e-05
1203,1032,0.0,0.00015774249914102256
1204,1033,0.0,0.0007033967995084822
1205,1034,0.0,0.0002902984560932964
1206,1035,0.0,0.0002909851027652621
1207,1036,0.0,3.2281875519402092e-06
1208,1037,0.0,0.0003213310264982283
1209,1038,0.0,0.00019249915203545243
1210,1039,0.0,4.754066139867064e-06
1211,1040,0.0,0.00020912170293740928
1212,1041,0.0,2.220630631200038e-05
1213,1042,3.0,0.0005996441468596458
1214,1043,0.0,4.2676924749684986e-06
1215,1044,0.0,1.7628668501856737e-05
1216,1045,0.0,1.4925002687959932e-05
1217,1046,0.0,0.0001730775838950649
1218,1047,0.0,2.6082991553266766e-06
1219,1048,0.0,4.329442890593782e-05
1220,1049,0.0,3.13186646963004e-05
1221,1050,0.0,0.00019670008623506874
1222,1051,0.0,6.533622945426032e-05
1223,1052,0.0,0.0002466487931087613
1224,1053,0.0,1.508712739450857e-05
1225,1054,0.0,8.40187021822203e-06
1226,1055,0.0,7.615089089085814e-06
1227,1056,0.0,2.5453566195210442e-05
1228,1057,0.0,0.00025631426251493394
1229,1058,0.0,0.00014599799760617316
1230,1059,0.0,1.2450217582227197e-05
1231,1060,0.0,0.00010642528650350869
1232,1061,0.0,1.5449523971255985e-06
1233,1062,0.0,0.0002126169129041955
1234,1063,0.0,0.00030189991230145097
1235,1064,2.0,0.0003174209559801966
1236,1065,0.0,5.931854047958041e-06
1237,1066,0.0,0.00020915031200274825
1238,1067,0.0,0.00020636081171687692
1239,1068,0.0,3.1936167943058535e-05
1240,1069,0.0,6.771087555534905e-06
1241,1070,0.0,0.00033833502675406635
1242,1071,0.0,6.19888282926695e-07
1243,1072,0.0,0.00015379904652945697
1244,1073,0.0,0.00014276504225563258
1245,1074,0.0,7.591247413074598e-05
1246,1075,0.0,6.499290520878276e-06
1247,1076,0.0,7.724761985627993e-07
1248,1077,0.0,3.4809110616151884e-07
1249,1078,0.0,2.1123885289853206e-06
1250,1079,0.0,0.00016158103244379163
1251,1080,0.0,0.0001559829688630998
1252,1081,0.0,0.0002412366884527728
1253,1082,0.0,0.00022602557146456093
1254,1083,0.0,9.912013774737716e-05
1255,1084,0.0,2.1266937437758315e-06
1256,1085,0.0,4.386901650832442e-07
1257,1086,0.0,1.8596648487800849e-06
1258,1087,0.0,0.00017565250163897872
1259,1088,0.0,3.2424925393570447e-06
1260,1089,0.0,0.00025865077623166144
1261,1090,0.0,4.262923994247103e-06
1262,1091,0.0,4.304408867028542e-05
1263,1092,0.0,8.869171210790228e-07
1264,1093,0.0,9.826660243561491e-05
1265,1094,0.0,0.00010662078420864418
1266,1095,0.0,5.617141596303554e-06
1267,1096,0.0,2.6111601982847787e-05
1268,1097,0.0,0.0005087852478027344
1269,1098,0.0,0.00010095119068864733
1270,1099,0.0,6.294965714914724e-05
1271,1100,0.0,6.15406024735421e-05
1272,1101,0.0,4.124641236558091e-06
1273,1102,0.0,1.8501281147109694e-06
1274,1103,0.0,3.5502911487128586e-05
1275,1104,0.0,0.00014431953604798764
1276,1105,0.0,0.0001375246065435931
1277,1106,0.0,2.102851794916205e-06
1278,1107,0.0,3.147125084979052e-07
1279,1108,0.0,0.00018184185319114476
1280,1109,0.0,1.680374043644406e-05
1281,1110,0.0,0.00019650935428217053
1282,1111,0.0,1.1448860277596395e-05
1283,1112,0.0,2.0360946564323967e-06
1284,1113,0.0,0.00019711017375811934
1285,1114,0.0,8.36229301057756e-05
1286,1115,0.0,7.138251930882689e-06
1287,1116,0.0,1.573562599332945e-06
1288,1117,0.0,7.867812996664725e-07
1289,1118,0.0,0.000534920662175864
1290,1119,0.0,2.4843216124281753e-06
1291,1120,0.0,1.1501311746542342e-05
1292,1121,0.0,1.8835066839528736e-06
1293,1122,0.0,5.069970939075574e-05
1294,1123,13.0,0.0002933359064627439
1295,1124,0.0,0.0002475690853316337
1296,1125,4.0,0.0003131389676127583
1297,1126,0.0,3.1113624572753906e-05
1298,1127,9.0,7.394313433906063e-05
1299,1128,0.0,0.00022502422507386655
1300,1129,0.0,6.0949325416004285e-05
1301,1130,0.0,2.1648406800522935e-06
1302,1131,0.0,1.8453597476764116e-06
1303,1132,0.0,5.006789933759137e-07
1304,1133,0.0,6.3748360844329e-05
1305,1134,0.0,0.00017964839935302734
1306,1135,0.0,2.5753974114195444e-05
1307,1136,0.0,0.00014602660667151213
1308,1137,0.0,0.0003014564572367817
1309,1138,0.0,7.343292054429185e-07
1310,1139,0.0,7.109641592251137e-05
1311,1140,0.0,2.3937225250847405e-06
1312,1141,0.0,1.2283325304451864e-05
1313,1142,0.0,7.948875463625882e-06
1314,1143,0.0,7.982253919180948e-06
1315,1144,0.0,5.592823072220199e-05
1316,1145,0.0,2.6574134608381428e-05
1317,1146,0.0,4.673004241340095e-06
1318,1147,0.0,3.0412673368118703e-05
1319,1148,0.0,9.679794175099232e-07
1320,1149,0.0,5.720138506148942e-05
1321,1150,13.0,0.00019551753939595073
1322,1151,0.0,2.0112991478526965e-05
1323,1152,0.0,8.29696659820911e-07
1324,1153,5.0,0.000116133684059605
1325,1154,0.0,1.498699111834867e-05
1326,1155,0.0,3.689765799208544e-05
1327,1156,0.0,9.683131793281063e-05
1328,1157,0.0,7.144927803892642e-05
1329,1158,0.0,5.183219855098287e-06
1330,1159,0.0,4.6429631765931845e-05
1331,1160,0.0,6.4563751038804185e-06
1332,1161,0.0,1.0681152389224735e-06
1333,1162,0.0,5.749225601903163e-05
1334,1163,0.0,2.117157009706716e-06
1335,1164,9.0,0.00020542621496133506
1336,1165,0.0,9.965896197172697e-07
1337,1166,17.0,4.6010016376385465e-05
1338,1167,0.0,6.771087555534905e-06
1339,1168,0.0,3.42845919476531e-06
1340,1169,0.0,9.593009599484503e-05
1341,1170,0.0,1.0175705028814264e-05
1342,1171,0.0,4.2147636122535914e-05
1343,1172,0.0,1.926422100950731e-06
1344,1173,6.0,6.78682336001657e-05
1345,1174,0.0,1.0156630878555006e-06
1346,1175,0.0,1.2860297829320189e-05
1347,1176,0.0,2.3365019785615004e-07
1348,1177,0.0,3.0851363135298016e-06
1349,1178,0.0,2.143383062502835e-05
1350,1179,0.0,2.9134748729120474e-06
1351,1180,0.0,3.1657218642067164e-05
1352,1181,0.0,5.438327571027912e-05
1353,1182,0.0,3.0794144549872726e-05
1354,1183,0.0,3.134727376163937e-05
1355,1184,0.0,2.0217894416418858e-06
1356,1185,0.0,3.0145643904688768e-05
1357,1186,0.0,1.23977656585339e-06
1358,1187,0.0,6.103515488575795e-07
1359,1188,0.0,0.00016890525876078755
1360,1189,0.0,0.00011974334483966231
1361,1190,0.0,5.4836272056491e-07
1362,1191,9.0,8.780955977272242e-05
1363,1192,0.0,1.9340513972565532e-05
1364,1193,0.0,1.7223357644979842e-05
1365,1194,0.0,3.8623809928139963e-07
1366,1195,0.0,1.4781951449549524e-06
1367,1196,0.0,3.481864769128151e-05
1368,1197,0.0,3.198623744538054e-05
1369,1198,0.0,4.571437602862716e-05
1370,1199,0.0,5.1703453209483996e-05
1371,1200,0.0,2.3074149794410914e-05
1372,1201,0.0,1.0490417423625331e-07
1373,1202,0.0,0.00010644912254065275
1374,1203,0.0,0.0001282119774259627
1375,1204,0.0,1.8119811784345075e-07
1376,1205,0.0,4.2915343101412873e-07
1377,1206,0.0,6.445884355343878e-05
1378,1207,0.0,3.416538311284967e-05
1379,1208,0.0,2.0089148165425286e-05
1380,1209,0.0,2.8371810003591236e-06
1381,1210,0.0,3.118038148386404e-05
1382,1211,0.0,1.6021728015402914e-06
1383,1212,0.0,0.0001257944095414132
1384,1213,0.0,9.393691584591579e-07
1385,1214,0.0,1.9207000150345266e-05
1386,1215,0.0,1.8310546465727384e-06
1387,1216,0.0,7.24792471373803e-06
1388,1217,0.0,6.72340377150249e-07
1389,1218,0.0,4.00543194700731e-06
1390,1219,0.0,1.1205672763026087e-06
1391,1220,0.0,3.06177134916652e-05
1392,1221,0.0,4.024505415145541e-06
1393,1222,0.0,3.606796235544607e-05
1394,1223,0.0,4.3439863475214224e-06
1395,1224,0.0,4.4102667743572965e-05
1396,1225,0.0,1.3585090528067667e-05
1397,1226,0.0,1.510620040789945e-05
1398,1227,0.0,8.053779311012477e-06
1399,1228,0.0,5.776405305368826e-05
1400,1229,9.0,7.658481627004221e-05
1401,1230,0.0,3.551482950570062e-05
1402,1231,0.0,1.7342566934530623e-05
1403,1232,0.0,1.554489131194714e-06
1404,1233,9.0,4.0330887713935226e-05
1405,1234,0.0,5.7220457705398076e-08
1406,1235,0.0,4.447936953511089e-05
1407,1236,0.0,1.926422100950731e-06
1408,1237,0.0,2.5033950805664062e-06
1409,1238,0.0,5.9604644775390625e-06
1410,1239,0.0,3.3292770240223035e-05
1411,1240,0.0,3.073692278121598e-05
1412,1241,0.0,4.1923522076103836e-05
1413,1242,0.0,2.4085044060484506e-05
1414,1243,0.0,9.902953752316535e-05
1415,1244,0.0,4.1007993445418833e-07
1416,1245,0.0,1.9116401745122857e-05
1417,1246,0.0,1.2302398317842744e-06
1418,1247,0.0,1.6403197378167533e-06
1419,1248,0.0,1.0490417423625331e-07
1420,1249,0.0,5.6009292165981606e-05
1421,1250,0.0,2.86102294921875e-06
1422,1251,0.0,1.0366439710196573e-05
1423,1252,0.0,6.736755312886089e-05
1424,1253,0.0,8.749961853027344e-05
1425,1254,0.0,3.8943289837334305e-05
1426,1255,0.0,2.1538733562920243e-05
1427,1256,0.0,3.00407407394232e-07
1428,1257,0.0,8.249282927863533e-07
1429,1258,0.0,4.1007993445418833e-07
1430,1259,0.0,6.914138452884799e-07
1431,1260,0.0,2.0980834847250662e-07
1432,1261,0.0,4.644393811759073e-06
1433,1262,0.0,4.649162292480469e-06
1434,1263,0.0,6.279945409914944e-06
1435,1264,0.0,1.363754222438729e-06
1436,1265,0.0,4.75835804536473e-05
1437,1266,0.0,3.973960701841861e-05
1438,1267,0.0,2.4318694613612024e-07
1439,1268,0.0,1.0967254127081105e-07
1440,1269,0.0,7.708072371315211e-05
1441,1270,0.0,4.768371297814156e-08
1442,1271,0.0,1.6927719116210938e-05
1443,1272,0.0,2.6087760488735512e-05
1444,1273,0.0,3.8180351111805066e-05
1445,1274,0.0,7.235049997689202e-05
1446,1275,0.0,8.583068478174027e-08
1447,1276,0.0,2.2602080207434483e-06
1448,1277,0.0,3.1375884645967744e-06
1449,1278,0.0,1.573562542489526e-07
1450,1279,0.0,2.0503996722709417e-07
1451,1280,0.0,3.8747784856241196e-05
1452,1281,0.0,5.187988335819682e-06
1453,1282,0.0,2.24828709178837e-05
1454,1283,0.0,6.771087441848067e-07
1455,1284,0.0,6.19888282926695e-07
1456,1285,0.0,4.1007993445418833e-07
1457,1286,0.0,8.583068478174027e-08
1458,1287,0.0,9.536742595628311e-08
1459,1288,0.0,8.654594239487778e-06
1460,1289,0.0,8.58306884765625e-06
1461,1290,0.0,4.3640135118039325e-05
1462,1291,0.0,1.1820792678918224e-05
1463,1292,0.0,2.872943878173828e-05
1464,1293,0.0,8.104801236186177e-05
1465,1294,0.0,2.2830961825093254e-05
1466,1295,0.0,1.1110305422334932e-06
1467,1296,0.0,7.500648280256428e-06
1468,1297,0.0,1.76668163476279e-05
1469,1298,0.0,1.6517638869117945e-05
1470,1299,0.0,7.152556946721234e-08
1471,1300,0.0,1.8248558262712322e-05
1472,1301,0.0,1.5497207641601562e-05
1473,1302,0.0,2.226829565188382e-06
1474,1303,0.0,2.47955313170678e-07
1475,1304,0.0,4.895687015959993e-05
1476,1305,0.0,2.813339108342916e-07
1477,1306,0.0,2.7656554379973386e-07
1478,1307,0.0,1.1095999980170745e-05
1479,1308,0.0,1.573562542489526e-07
1480,1309,0.0,1.0490417423625331e-07
1481,1310,0.0,5.177497587283142e-05
1482,1311,0.0,2.9578208341263235e-05
1483,1312,0.0,2.9287337383721024e-05
1484,1313,0.0,2.1977424694341607e-05
1485,1314,0.0,4.768371297814156e-08
1486,1315,0.0,1.570224776514806e-05
1487,1316,0.0,8.50200649438193e-06
1488,1317,0.0,8.50200649438193e-06
1489,1318,0.0,1.3532638149627019e-05
1490,1319,0.0,1.049041748046875e-05
1491,1320,0.0,2.1457671550706436e-07
1492,1321,0.0,1.2350081988188322e-06
1493,1322,0.0,4.5986173063283786e-05
1494,1323,0.0,3.6716460272145923e-07
1495,1324,0.0,1.5954970876919106e-05
1496,1325,0.0,1.23977656585339e-07
1497,1326,0.0,1.1024474588339217e-05
1498,1327,0.0,8.678435960973729e-07
1499,1328,0.0,9.078979019250255e-06
1500,1329,0.0,2.625942215672694e-05
1501,1330,0.0,1.2636184010261786e-06
1502,1331,0.0,2.9563904035967425e-07
1503,1332,0.0,5.245208853921213e-07
1504,1333,0.0,1.907348590179936e-08
1505,1334,0.0,3.54289986717049e-05
1506,1335,0.0,4.1961669694501325e-07
1507,1336,0.0,1.23977656585339e-07
1508,1337,0.0,5.245208853921213e-07
1509,1338,0.0,3.814697180359872e-08
1510,1339,0.0,6.747245606675278e-06
1511,1340,0.0,6.055831818230217e-07
1512,1341,12.0,0.00011474132043076679
1513,1342,0.0,1.7356871921947459e-06
1514,1343,0.0,1.907348590179936e-08
1515,1344,0.0,6.6804882408177946e-06
1516,1345,0.0,9.236335245077498e-06
1517,1346,0.0,7.915496667010302e-07
1518,1347,0.0,8.583068478174027e-08
1519,1348,0.0,1.4882087270962074e-05
1520,1349,0.0,3.147125084979052e-07
1521,1350,0.0,2.050876537396107e-05
1522,1351,0.0,1.1749267287086695e-05
1523,1352,0.0,1.615047403902281e-05
1524,1353,7.0,1.4333724720927421e-05
1525,1354,0.0,8.583068478174027e-08
1526,1355,0.0,6.341933840303682e-07
1527,1356,0.0,1.3265609595691785e-05
1528,1357,0.0,5.841255187988281e-05
1529,1358,0.0,4.577636616431846e-07
1530,1359,0.0,5.788802809547633e-06
1531,1360,0.0,1.1396407444408396e-06
1532,1361,0.0,6.103515488575795e-07
1533,1362,0.0,3.815173840848729e-05
1534,1363,0.0,9.565353138896171e-06
1535,1364,0.0,7.4100494202866685e-06
1536,1365,0.0,1.4543533097821637e-06
1537,1366,0.0,5.388259864957945e-07
1538,1367,0.0,3.814697180359872e-08
1539,1368,0.0,1.4019011587151908e-06
1540,1369,0.0,1.5068053471622989e-06
1541,1370,0.0,5.7220457705398076e-08
1542,1371,0.0,1.0347365787310991e-05
1543,1372,0.0,1.950263822436682e-06
1544,1373,0.0,1.6927718888837262e-06
1545,1374,0.0,1.573562542489526e-07
1546,1375,0.0,0.00010423659841762856
1547,1376,0.0,1.4963149624236394e-05
1548,1377,0.0,7.465839007636532e-05
1549,1378,0.0,7.667541467526462e-06
1550,1379,0.0,3.477096470305696e-05
1551,1380,0.0,8.964538551481382e-07
1552,1381,0.0,3.158092295052484e-05
1553,1382,0.0,1.8529892258811742e-05
1554,1383,0.0,2.1576881408691406e-05
1555,1384,0.0,1.5506744603044353e-05
1556,1385,0.0,3.901004674844444e-05
1557,1386,0.0,6.109714013291523e-05
1558,1387,17.0,6.780624062230345e-06
1559,1388,0.0,2.5000572350108996e-05
1560,1389,0.0,3.2730102248024195e-05
1561,1390,0.0,1.5373228961834684e-05
1562,1391,0.0,1.288890780415386e-05
1563,1392,0.0,3.3855437209240336e-07
1564,1393,0.0,5.564689672610257e-06
1565,1394,0.0,6.556510925292969e-06
1566,1395,0.0,8.29696659820911e-07
1567,1396,0.0,2.8753279366355855e-06
1568,1397,0.0,8.630752290628152e-07
1569,1398,0.0,3.4809110616151884e-07
1570,1399,0.0,1.0113715688930824e-05
1571,1400,5.0,6.92605972290039e-05
1572,1401,0.0,9.059905892172537e-08
1573,1402,0.0,5.81741346650233e-07
1574,1403,0.0,5.111694008519407e-06
1575,1404,0.0,5.1932333008153364e-05
1576,1405,0.0,5.674361887031409e-07
1577,1406,0.0,3.433227391269611e-07
1578,1407,0.0,7.867812996664725e-07
1579,1408,0.0,3.0517577442878974e-07
1580,1409,0.0,2.0503996722709417e-07
1581,1410,0.0,8.964538551481382e-07
1582,1411,0.0,1.2063979966114857e-06
1583,1412,0.0,3.2329558052879293e-06
1584,1413,0.0,2.657890217960812e-05
1585,1414,0.0,2.7751921152230352e-06
1586,1415,0.0,1.610279105079826e-05
1587,1416,14.0,1.424312540621031e-05
1588,1417,0.0,1.3346671948966105e-05
1589,1418,0.0,6.961822123230377e-07
1590,1419,0.0,1.8596648487800849e-06
1591,1420,0.0,1.907348590179936e-08
1592,1421,0.0,6.642341304541333e-06
1593,1422,0.0,9.692668390925974e-05
1594,1423,0.0,0.0001273822708753869
1595,1424,0.0,8.106231774718253e-08
1596,1425,0.0,0.00011446475400589406
1597,1426,15.0,1.755714401951991e-05
1598,1427,0.0,4.768371297814156e-08
1599,1428,0.0,2.6831627110368572e-05
1600,1429,0.0,2.908706733251165e-07
1601,1430,0.0,2.8610228852699038e-08
1602,1431,0.0,1.5730856830487028e-05
1603,1432,0.0,9.20581805985421e-05
1604,1433,0.0,4.75835804536473e-05
1605,1434,0.0,1.8596648487800849e-07
1606,1435,0.0,7.686614480917342e-06
1607,1436,0.0,2.3365019785615004e-07
1608,1437,0.0,5.674362000718247e-06
1609,1438,0.0,6.4754485720186494e-06
1610,1439,0.0,7.1668623604637105e-06
1611,1440,0.0,5.7220457705398076e-08
1612,1441,0.0,1.5244483620335814e-05
1613,1442,0.0,3.7193296975601697e-07
1614,1443,0.0,2.9850004921172513e-06
1615,1444,0.0,1.5554427591268905e-05
1616,1445,0.0,3.662109293145477e-06
1617,1446,0.0,7.438659395120339e-07
1618,1447,0.0,2.4318694613612024e-07
1619,1448,0.0,2.294063597219065e-05
1620,1449,0.0,5.064010565547505e-06
1621,1450,0.0,7.343292054429185e-07
1622,1451,0.0,6.246089469641447e-05
1623,1452,0.0,1.3265609595691785e-05
1624,1453,0.0,8.106231774718253e-08
1625,1454,0.0,1.5068053471622989e-06
1626,1455,0.0,1.5301704479497857e-05
1627,1456,0.0,9.107589903578628e-06
1628,1457,0.0,7.4005124588438775e-06
1629,1458,6.0,4.2123792809434235e-05
1630,1459,0.0,2.9134748729120474e-06
1631,1460,0.0,7.629394360719743e-08
1632,1461,0.0,4.129409717279486e-06
1633,1462,0.0,3.254890543757938e-05
1634,1463,0.0,4.425048700795742e-06
1635,1464,0.0,3.3473968414909905e-06
1636,1465,0.0,3.2424927098873013e-07
1637,1466,0.0,7.152557373046875e-07
1638,1467,0.0,5.2452087118126656e-08
1639,1468,0.0,7.629394076502649e-07
1640,1469,0.0,2.933025280071888e-05
1641,1470,0.0,4.530906517175026e-05
1642,1471,0.0,4.754066321766004e-05
1643,1472,0.0,3.2234190712188138e-06
1644,1473,0.0,3.037452643184224e-06
1645,1474,9.0,3.3731459552654997e-05
1646,1475,0.0,2.4890898657758953e-06
1647,1476,0.0,1.335144048653092e-07
1648,1477,0.0,1.907348590179936e-08
1649,1478,0.0,3.9258004107978195e-05
1650,1479,0.0,4.863738922722405e-07
1651,1480,0.0,1.573562542489526e-07
1652,1481,0.0,5.133628656039946e-05
1653,1482,0.0,1.8262862795381807e-06
1654,1483,0.0,7.696151442360133e-06
1655,1484,0.0,4.053115674196306e-07
1656,1485,0.0,2.3746490569465095e-06
1657,1486,0.0,2.602100357762538e-05
1658,1487,0.0,1.0142326573259197e-05
1659,1488,0.0,1.5258788721439487e-07
1660,1489,0.0,4.158020146860508e-06
1661,1490,0.0,2.9487609936040826e-05
1662,1491,0.0,9.53674295089968e-09
1663,1492,0.0,3.814697180359872e-08
1664,1493,0.0,1.907348590179936e-08
1665,1494,0.0,2.19345088225964e-06
1666,1495,0.0,2.6292800612282008e-05
1667,1496,8.0,4.3468473450047895e-05
1668,1497,0.0,2.1076202756376006e-06
1669,1498,0.0,2.2792814888816793e-06
1670,1499,0.0,8.106231774718253e-08
1671,1500,0.0,2.8610228852699038e-08
1672,1501,0.0,2.4890898657758953e-06
1673,1502,0.0,1.7166136956348055e-07
1674,1503,0.0,1.4781952017983713e-07
1675,1504,0.0,8.859634363034274e-06
1676,1505,0.0,3.00407407394232e-07
1677,1506,0.0,9.121894436248112e-06
1678,1507,2.0,2.5010107492562383e-05
1679,1508,7.0,0.05439508333802223
1680,1509,0.0,5.335807600204134e-06
1681,1510,0.0,2.8610228852699038e-08
1682,1511,0.0,9.20295690320927e-07
1683,1512,0.0,1.3866424524167087e-05
1684,1513,0.0,3.1948088690114673e-06
1685,1514,0.0,9.53674295089968e-09
1686,1515,0.0,5.744456939282827e-05
1687,1516,0.0,0.0002086830063490197
1688,1517,0.0,7.724761985627993e-07
1689,1518,0.0,6.9236753006407525e-06
1690,1519,0.0,7.922649092506617e-05
1691,1520,0.0,8.106231774718253e-08
1692,1521,0.0,3.446101982262917e-05
1693,1522,0.0,2.7847288492921507e-06
1694,1523,0.0,2.0942687115166336e-05
1695,1524,0.0,4.6253202867774235e-07
1696,1525,0.0,4.460334821487777e-05
1697,1526,0.0,1.7166136956348055e-07
1698,1527,0.0,1.2874602361989673e-07
1699,1528,0.0,1.2187957509013359e-05
1700,1529,0.0,1.2874602361989673e-07
1701,1530,0.0,2.3937225250847405e-06
1702,1531,0.0,1.6231537301791832e-05
1703,1532,0.0,2.2745132810086943e-05
1704,1533,0.0,2.908706733251165e-07
1705,1534,0.0,2.813339108342916e-07
1706,1535,0.0,5.145072918821825e-06
1707,1536,0.0,1.3885497537557967e-05
1708,1537,0.0,2.0980834847250662e-07
1709,1538,0.0,8.902549780032132e-06
1710,1539,0.0,4.582881956594065e-05
1711,1540,0.0,2.2554397673957283e-06
1712,1541,0.0,5.006789933759137e-07
1713,1542,3.0,6.127834058133885e-05
1714,1543,0.0,2.4275779651361518e-05
1715,1544,0.0,5.626678216685832e-07
1716,1545,0.0,4.7979352530092e-05
1717,1546,0.0,1.2350081988188322e-06
1718,1547,0.0,7.043838559184223e-05
1719,1548,0.0,6.1750411077809986e-06
1720,1549,0.0,4.342555985203944e-05
1721,1550,0.0,1.1444091114753974e-06
1722,1551,0.0,4.911422593067982e-07
1723,1552,0.0,7.677078315282415e-07
1724,1553,0.0,3.5762786865234375e-05
1725,1554,0.0,2.657890217960812e-05
1726,1555,0.0,8.583068478174027e-08
1727,1556,0.0,2.147197665181011e-05
1728,1557,0.0,2.283573121530935e-05
1729,1558,0.0,4.911422593067982e-07
1730,1559,0.0,5.102157274450292e-07
1731,1560,0.0,4.325866757426411e-05
1732,1561,0.0,4.148483299104555e-07
1733,1562,0.0,3.222942177671939e-05
1734,1563,0.0,3.976821972173639e-06
1735,1564,0.0,6.00814814788464e-07
1736,1565,0.0,6.437301749429025e-07
1737,1566,0.0,1.76429750808893e-07
1738,1567,0.0,2.5300978450104594e-05
1739,1568,0.0,2.0503996722709417e-07
1740,1569,0.0,8.392333938900265e-07
1741,1570,0.0,6.19888282926695e-07
1742,1571,0.0,4.687309228756931e-06
1743,1572,0.0,1.853942740126513e-05
1744,1573,0.0,2.6226044269606064e-07
1745,1574,0.0,2.6969908503815532e-05
1746,1575,0.0,3.196716352249496e-05
1747,1576,0.0,2.2001266188453883e-05
1748,1577,0.0,4.3392179804868647e-07
1749,1578,0.0,1.1520385669427924e-05
1750,1579,0.0,1.0824203400261467e-06
1751,1580,0.0,0.00026805876404978335
1752,1581,0.0,1.4305113893442467e-07
1753,1582,0.0,5.578994546340255e-07
1754,1583,0.0,7.0762630457466e-06
1755,1584,0.0,1.9550323315797868e-07
1756,1585,0.0,6.440162542276084e-05
1757,1586,0.0,4.6763419959461316e-05
1758,1587,0.0,7.534026735811494e-07
1759,1588,0.0,1.8143653505831026e-05
1760,1589,0.0,1.7614363969187252e-05
1761,1590,0.0,3.831386493402533e-05
1762,1591,0.0,8.768081170273945e-05
1763,1592,0.0,1.7318725440418348e-05
1764,1593,0.0,1.8253325833939016e-05
1765,1594,0.0,3.147602183162235e-05
1766,1595,0.0,6.052494063624181e-05
1767,1596,0.0,3.903865581378341e-05
1768,1597,0.0,1.7952917914954014e-05
1769,1598,0.0,1.2350081988188322e-06
1770,1599,0.0,3.253459726693109e-05
1771,1600,0.0,4.093646930414252e-05
1772,1601,0.0,4.412174166645855e-05
1773,1602,0.0,7.534026735811494e-07
1774,1603,0.0,1.5616416931152344e-05
1775,1604,0.0,1.556873212393839e-05
1776,1605,10.0,3.254413604736328e-05
1777,1606,0.0,4.76837158203125e-07
1778,1607,0.0,2.47955313170678e-07
1779,1608,0.0,0.0001289939827984199
1780,1609,0.0,4.96959692100063e-05
1781,1610,0.0,8.631229138700292e-05
1782,1611,0.0,0.00012419700215104967
1783,1612,0.0,1.2269019862287678e-05
1784,1613,0.0,2.193450825416221e-07
1785,1614,0.0,3.3855437209240336e-07
1786,1615,0.0,4.8918722313828766e-05
1787,1616,0.0,6.67572024326546e-08
1788,1617,0.0,1.6632080587442033e-05
1789,1618,0.0,1.2063979966114857e-06
1790,1619,0.0,5.05924208482611e-06
1791,1620,0.0,1.4867781828797888e-05
1792,1621,0.0,1.668930025289228e-07
1793,1622,0.0,7.629394360719743e-08
1794,1623,0.0,5.756377868237905e-05
1795,1624,0.0,6.19888282926695e-08
1796,1625,0.0,4.688739500124939e-05
1797,1626,0.0,8.106231774718253e-08
1798,1627,0.0,2.8643607947742566e-05
1799,1628,0.0,9.489059493716923e-07
1800,1629,0.0,8.229732338804752e-05
1801,1630,0.0,4.1851995774777606e-05
1802,1631,0.0,1.3575553566624876e-05
1803,1632,0.0,5.722045557376987e-07
1804,1633,0.0,5.340576194612368e-07
1805,1634,0.0,1.0013580009626821e-07
1806,1635,0.0,0.0001324081385973841
1807,1636,0.0,1.1973380424024072e-05
1808,1637,0.0,2.665042848093435e-05
1809,1638,0.0,4.0626523514220025e-06
1810,1639,0.0,1.0013580009626821e-07
1811,1640,0.0,1.5482901289942674e-05
1812,1641,0.0,5.393028004618827e-06
1813,1642,0.0,9.059905892172537e-07
1814,1643,0.0,4.386901650832442e-07
1815,1644,0.0,8.387565321754664e-05
1816,1645,8.0,6.383418804034591e-05
1817,1646,0.0,6.67572024326546e-08
1818,1647,0.0,2.1805763026350178e-05
1819,1648,8.0,0.048328712582588196
1820,1649,0.0,6.19888282926695e-08
1821,1650,0.0,1.907348590179936e-08
1822,1651,0.0,4.214286673231982e-05
1823,1652,0.0,2.400398261670489e-05
1824,1653,0.0,3.814697180359872e-08
1825,1654,0.0,6.19888282926695e-08
1826,1655,0.0,8.363723281945568e-06
1827,1656,0.0,2.2125243049231358e-05
1828,1657,0.0,0.00012811183114536107
1829,1658,0.0,6.9665904447902e-05
1830,1659,0.0,1.0499954441911541e-05
1831,1660,0.0,5.244731801212765e-05
1832,1661,0.0,1.7738342421580455e-06
1833,1662,0.0,1.907348590179936e-08
1834,1663,0.0,3.3855437209240336e-07
1835,1664,0.0,0.0001615095097804442
1836,1665,0.0,6.432532973121852e-05
1837,1666,9.0,0.00010543346434133127
1838,1667,0.0,0.00012065410555806011
1839,1668,0.0,2.593994167909841e-06
1840,1669,0.0,3.174304947606288e-05
1841,1670,0.0,8.46242910483852e-05
1842,1671,0.0,1.7166136956348055e-07
1843,1672,0.0,0.00024275778559967875
1844,1673,0.0,3.225803448003717e-05
1845,1674,0.0,3.00407407394232e-07
1846,1675,0.0,1.5401840300910408e-06
1847,1676,0.0,9.093284461414441e-06
1848,1677,0.0,0.00018547535000834614
1849,1678,0.0,0.00028324604500085115
1850,1679,0.0,1.645088104851311e-06
1851,1680,0.0,0.00015402316057588905
1852,1681,0.0,8.660792809678242e-05
1853,1682,0.0,2.7847288947668858e-05
1854,1683,0.0,3.1828880310058594e-05
1855,1684,0.0,1.5249252101057209e-05
1856,1685,0.0,7.740974251646549e-05
1857,1686,0.0,0.00010003089846577495
1858,1687,0.0,5.5937765864655375e-05
1859,1688,0.0,0.00012173652066849172
1860,1689,0.0,3.805160304182209e-05
1861,1690,0.0,1.2922287169203628e-06
1862,1691,0.0,3.0088424409768777e-06
1863,1692,1.0,0.00041705608600750566
1864,1693,0.0,2.8781889341189526e-05
1865,1694,0.0,2.2621154130320065e-05
1866,1695,0.0,4.053115674196306e-07
1867,1696,0.0,2.93111788778333e-05
1868,1697,0.0,7.414817810058594e-05
1869,1698,0.0,0.00019026755762752146
1870,1699,0.0,8.058547678047034e-07
1871,1700,0.0,1.7595290273675346e-06
1872,1701,0.0,2.1123885289853206e-06
1873,1702,0.0,6.72340377150249e-07
1874,1703,0.0,0.000241427420405671
1875,1704,0.0,3.286361607024446e-05
1876,1705,0.0,3.8108824810478836e-05
1877,1706,0.0,9.441375254937157e-07
1878,1707,0.0,6.549835234181955e-05
1879,1708,0.0,0.00011285781511105597
1880,1709,0.0,3.4346579923294485e-05
1881,1710,0.0,8.106231774718253e-08
1882,1711,0.0,6.818771112193645e-07
1883,1712,0.0,2.8004646082990803e-05
1884,1713,0.0,5.769729227722564e-07
1885,1714,0.0,3.2281875519402092e-06
1886,1715,0.0,6.389617510649259e-07
1887,1716,0.0,4.556178828352131e-05
1888,1717,0.0,1.668930025289228e-07
1889,1718,0.0,9.565830259816721e-05
1890,1719,0.0,1.8596648487800849e-07
1891,1720,0.0,8.821487426757812e-06
1892,1721,0.0,5.196571146370843e-05
1893,1722,0.0,2.0074844542250503e-06
1894,1723,0.0,3.4093854992534034e-06
1895,1724,0.0,3.128051730527659e-06
1896,1725,0.0,8.821486972010462e-07
1897,1726,0.0,1.8596648487800849e-07
1898,1727,0.0,6.507873331429437e-05
1899,1728,0.0,1.8615723092807457e-05
1900,1729,0.0,3.616332833189517e-05
1901,1730,0.0,1.76429750808893e-07
1902,1731,0.0,9.059905892172537e-08
1903,1732,0.0,9.01222222182696e-07
1904,1733,0.0,2.9191969588282518e-05
1905,1734,0.0,1.907348590179936e-08
1906,1735,0.0,3.747939899767516e-06
1907,1736,0.0,4.172325134277344e-06
1908,1737,0.0,5.57136518182233e-05
1909,1738,0.0,3.4685133869061247e-05
1910,1739,0.0,9.822845186135964e-07
1911,1740,0.0,4.3830870708916336e-05
1912,1741,0.0,9.841918654274195e-05
1913,1742,0.0,1.873969949883758e-06
1914,1743,0.0,4.898071347270161e-05
1915,1744,0.0,3.089904794251197e-06
1916,1745,0.0,6.961822123230377e-07
1917,1746,0.0,3.337860050578456e-07
1918,1747,0.0,3.971099795307964e-05
1919,1748,0.0,2.8610227786884934e-07
1920,1749,0.0,2.207756097050151e-06
1921,1750,0.0,1.2054442777298391e-05
1922,1751,0.0,7.597923104185611e-05
1923,1752,0.0,7.190704309323337e-06
1924,1753,0.0,9.398459951626137e-06
1925,1754,0.0,9.686470002634451e-05
1926,1755,0.0,4.028320108773187e-05
1927,1756,5.0,0.0001119375228881836
1928,1757,0.0,5.981922004139051e-05
1929,1758,0.0,6.055831818230217e-07
1930,1759,0.0,1.573562542489526e-07
1931,1760,0.0,6.914138452884799e-07
1932,1761,0.0,6.437301749429025e-07
1933,1762,4.0,0.00013710021448787302
1934,1763,0.0,6.769657193217427e-05
1935,1764,0.0,4.736423215945251e-05
1936,1765,0.0,3.92532347177621e-05
1937,1766,0.0,9.865760148386471e-06
1938,1767,0.0,3.0069350032135844e-05
1939,1768,0.0,7.4005124588438775e-06
1940,1769,0.0,3.149032636429183e-05
1941,1770,0.0,5.197525183575635e-07
1942,1771,0.0,1.0156630878555006e-06
1943,1772,0.0,1.6126632544910535e-05
1944,1773,0.0,1.668930025289228e-07
1945,1774,0.0,5.81741346650233e-07
1946,1775,0.0,0.00011823653767351061
1947,1776,0.0,1.9073485191256623e-07
1948,1777,0.0,7.77244565597357e-07
1949,1778,0.0,4.386901650832442e-07
1950,1779,0.0,9.813308679440524e-06
1951,1780,0.0,1.1587142125790706e-06
1952,1781,0.0,1.020908348436933e-05
1953,1782,0.0,2.698421485547442e-05
1954,1783,0.0,4.50706465926487e-05
1955,1784,0.0,2.3646354748052545e-05
1956,1785,0.0,8.821486972010462e-07
1957,1786,0.0,1.0013579867518274e-06
1958,1787,0.0,6.4659116105758585e-06
1959,1788,0.0,4.856586383539252e-05
1960,1789,0.0,3.3564567274879664e-05
1961,1790,14.0,4.5719145418843254e-05
1962,1791,0.0,5.693435468856478e-06
1963,1792,0.0,9.0451241703704e-05
1964,1793,0.0,0.00010003566421801224
1965,1794,0.0,9.608745313016698e-05
1966,1795,0.0,1.5258788721439487e-07
1967,1796,0.0,6.961822123230377e-07
1968,1797,0.0,1.0404586646473035e-05
1969,1798,0.0,5.135535957379034e-06
1970,1799,0.0,1.7881393432617188e-05
1971,1800,0.0,0.0003312444605398923
1972,1801,0.0,1.3685225894732866e-06
1973,1802,0.0,0.00016251564375124872
1974,1803,0.0,1.6627311197225936e-05
1975,1804,0.0,3.6716460272145923e-07
1976,1805,0.0,7.820129326319147e-07
1977,1806,0.0,2.6955603971146047e-05
1978,1807,0.0,8.48770127959142e-07
1979,1808,0.0,1.4128684597380925e-05
1980,1809,0.0,1.0967254127081105e-07
1981,1810,0.0,2.226829565188382e-06
1982,1811,0.0,7.009505793575954e-07
1983,1812,0.0,2.8753279366355855e-06
1984,1813,0.0,7.482052023988217e-05
1985,1814,0.0,3.767013367905747e-07
1986,1815,0.0,2.6416778382554185e-06
1987,1816,0.0,1.8405913579044864e-05
1988,1817,0.0,3.814697180359872e-08
1989,1818,0.0,8.68320421432145e-06
1990,1819,0.0,3.147125084979052e-07
1991,1820,0.0,1.1229514711885713e-05
1992,1821,0.0,7.375716813839972e-05
1993,1822,0.0,2.1457671550706436e-07
1994,1823,0.0,5.7220457705398076e-08
1995,1824,0.0,3.54289986717049e-05
1996,1825,0.0,2.5744437152752653e-05
1997,1826,0.0,2.43949889409123e-05
1998,1827,0.0,0.00022081851784605533
1999,1828,0.0,3.647804260253906e-05
2000,1829,0.0,2.613067636048072e-06
