episode,return,length,rolling_mean_reward,loss
1,0.0,4,0.0,0.04174628481268883
2,0.0,5,0.0,0.03992684558033943
3,0.0,5,0.0,0.045067012310028076
4,6.0,4,1.5,0.034567300230264664
5,0.0,5,1.2,0.04338774085044861
6,0.0,2,1.0,0.04302363470196724
7,7.0,1,1.8571428571428572,0.04587744548916817
8,7.0,4,2.5,0.10118554532527924
9,0.0,4,2.2222222222222223,0.04238993674516678
10,5.0,4,2.5,0.08328794687986374
11,0.0,5,2.272727272727273,0.04104558005928993
12,0.0,2,2.0833333333333335,0.037994544953107834
13,8.0,3,2.5384615384615383,0.09454384446144104
14,4.0,1,2.642857142857143,0.046779926866292953
15,8.0,2,3.0,0.036716751754283905
16,8.0,2,3.3125,0.06106964871287346
17,7.0,1,3.5294117647058822,0.04157376289367676
18,0.0,3,3.3333333333333335,0.035907916724681854
19,0.0,2,3.1578947368421053,0.05215158686041832
20,0.0,5,3.0,0.05049572512507439
21,6.0,1,3.142857142857143,0.03998061269521713
22,0.0,3,3.0,0.04624028876423836
23,6.0,4,3.130434782608696,0.04905574023723602
24,0.0,3,3.0,0.038451358675956726
25,5.0,2,3.08,0.0547647587954998
26,0.0,5,2.9615384615384617,0.04387097433209419
27,0.0,2,2.8518518518518516,0.049015436321496964
28,4.0,1,2.892857142857143,0.04870491474866867
29,0.0,2,2.793103448275862,0.04129493609070778
30,8.0,1,2.966666666666667,0.04419281706213951
31,0.0,2,2.870967741935484,0.04269527271389961
32,9.0,4,3.0625,-0.15037187933921814
33,8.0,1,3.212121212121212,0.043710608035326004
34,9.0,3,3.3823529411764706,0.021263498812913895
35,0.0,3,3.2857142857142856,0.0420512892305851
36,0.0,2,3.1944444444444446,0.04505566135048866
37,0.0,3,3.108108108108108,0.042630862444639206
38,10.0,2,3.289473684210526,0.0591789074242115
39,0.0,3,3.2051282051282053,0.051270466297864914
40,3.0,2,3.2,0.055130284279584885
41,0.0,5,3.1219512195121952,0.03886276111006737
42,4.0,1,3.142857142857143,0.037538301199674606
43,4.0,1,3.1627906976744184,0.04333941265940666
44,6.0,2,3.227272727272727,0.04985569417476654
45,4.0,2,3.2444444444444445,0.03994222730398178
46,0.0,3,3.1739130434782608,0.045824721455574036
47,0.0,3,3.106382978723404,0.044479481875896454
48,4.0,2,3.125,0.028721697628498077
49,0.0,5,3.061224489795918,0.04191584140062332
50,4.0,1,3.08,0.047309283167123795
51,0.0,4,3.08,0.04775204882025719
52,0.0,2,3.08,0.03602897375822067
53,0.0,2,3.08,0.03914785385131836
54,0.0,2,2.96,0.03580470383167267
55,7.0,2,3.1,0.038132622838020325
56,0.0,2,3.1,0.0411888025701046
57,7.0,4,3.1,0.1454935222864151
58,5.0,2,3.06,0.029397375881671906
59,10.0,2,3.26,-0.00887550413608551
60,10.0,1,3.36,0.04340839385986328
61,10.0,2,3.56,0.03987756744027138
62,7.0,1,3.7,0.03085113689303398
63,6.0,3,3.66,-0.028765030205249786
64,0.0,2,3.58,0.03592166304588318
65,9.0,1,3.6,0.036165762692689896
66,5.0,1,3.54,0.031380027532577515
67,4.0,1,3.48,0.032976824790239334
68,5.0,2,3.58,0.04949866235256195
69,0.0,5,3.58,0.04350016638636589
70,9.0,2,3.76,-0.01659352332353592
71,0.0,2,3.64,0.034006230533123016
72,6.0,2,3.76,-0.0007189400494098663
73,10.0,1,3.84,0.029666945338249207
74,6.0,2,3.96,0.09805420786142349
75,7.0,4,4.0,-0.10131395608186722
76,4.0,2,4.08,-0.013909675180912018
77,7.0,2,4.22,-0.00864950567483902
78,6.0,4,4.26,0.10878066718578339
79,6.0,4,4.38,0.07048457860946655
80,6.0,2,4.34,-0.024579428136348724
81,0.0,3,4.34,0.05050218105316162
82,0.0,5,4.16,0.04891057312488556
83,5.0,5,4.1,-0.09450771659612656
84,6.0,2,4.04,0.002935640513896942
85,10.0,3,4.24,-0.15147845447063446
86,0.0,4,4.24,0.037442248314619064
87,0.0,2,4.24,0.048903658986091614
88,6.0,3,4.16,0.02884899079799652
89,7.0,1,4.3,0.02245119772851467
90,0.0,2,4.24,0.028309430927038193
91,0.0,5,4.24,0.033618614077568054
92,4.0,1,4.24,0.028679469600319862
93,8.0,2,4.32,0.12499254941940308
94,10.0,2,4.4,-0.07114938646554947
95,4.0,4,4.4,0.07157225906848907
96,8.0,2,4.56,-0.05497368425130844
97,6.0,2,4.68,0.027222350239753723
98,7.0,4,4.74,0.15251114964485168
99,9.0,2,4.92,-0.019693918526172638
100,8.0,1,5.0,0.03012416511774063
101,5.0,3,5.1,0.06726223975419998
102,0.0,2,5.1,0.024179914966225624
103,9.0,3,5.28,-0.0016190819442272186
104,6.0,3,5.4,0.1925516575574875
105,5.0,2,5.36,-0.025496486574411392
106,0.0,2,5.36,0.026050059124827385
107,8.0,2,5.38,0.12392810732126236
108,6.0,1,5.4,0.023845143616199493
109,0.0,2,5.2,0.02938219904899597
110,8.0,5,5.16,0.12424000352621078
111,4.0,1,5.04,0.028242873027920723
112,9.0,2,5.08,-0.037441644817590714
113,4.0,1,5.04,0.026663223281502724
114,6.0,3,5.16,0.09374403953552246
115,5.0,1,5.08,0.028546171262860298
116,8.0,1,5.14,0.02530413120985031
117,10.0,1,5.26,0.02073400653898716
118,0.0,3,5.16,0.05817941203713417
119,6.0,2,5.28,-0.09962025284767151
120,4.0,1,5.18,0.024858204647898674
121,10.0,1,5.38,0.025765439495444298
122,5.0,1,5.36,0.024353912100195885
123,0.0,3,5.16,0.052195802330970764
124,10.0,1,5.24,0.008708233945071697
125,5.0,2,5.2,0.028976161032915115
126,4.0,2,5.2,-0.006026407703757286
127,10.0,3,5.26,-0.16144627332687378
128,6.0,1,5.26,0.026660315692424774
129,0.0,2,5.14,0.03187958523631096
130,5.0,2,5.12,0.017769601196050644
131,8.0,1,5.28,0.03141222521662712
132,6.0,1,5.4,0.031472280621528625
133,7.0,2,5.44,0.006673429161310196
134,10.0,3,5.52,-0.0022904984652996063
135,7.0,3,5.46,0.08404416590929031
136,5.0,1,5.56,0.036740321666002274
137,6.0,2,5.68,-0.010075457394123077
138,0.0,5,5.56,0.043699946254491806
139,10.0,1,5.62,0.04147947579622269
140,6.0,2,5.74,0.055283352732658386
141,6.0,1,5.86,0.02723705768585205
142,4.0,1,5.86,0.027201272547245026
143,7.0,1,5.84,0.03165905922651291
144,8.0,1,5.8,0.033563025295734406
145,0.0,5,5.72,0.047716062515974045
146,8.0,2,5.72,-0.030248332768678665
147,6.0,1,5.72,0.022580768913030624
148,4.0,1,5.66,0.03503001108765602
149,0.0,2,5.48,0.04998430237174034
150,5.0,1,5.42,0.0202560443431139
151,4.0,1,5.4,0.028429144993424416
152,6.0,2,5.52,-0.002876823768019676
153,6.0,3,5.46,0.00011373311281204224
154,6.0,2,5.46,0.021809883415699005
155,4.0,3,5.44,0.05209113657474518
156,8.0,3,5.6,-0.08498154580593109
157,7.0,1,5.58,0.012016459368169308
158,8.0,2,5.62,0.004518049769103527
159,10.0,1,5.82,0.0310832466930151
160,0.0,2,5.66,0.03396124392747879
161,0.0,2,5.58,0.03400620445609093
162,10.0,2,5.6,0.09300829470157623
163,4.0,1,5.6,0.024460291489958763
164,6.0,1,5.6,0.01781286671757698
165,0.0,2,5.5,0.031065577641129494
166,5.0,2,5.44,-0.0025276541709899902
167,8.0,2,5.4,0.05037699639797211
168,7.0,1,5.54,0.0160813145339489
169,6.0,1,5.54,0.03742608055472374
170,0.0,2,5.46,0.0228673554956913
171,5.0,3,5.36,0.03767388314008713
172,5.0,2,5.36,0.02712581306695938
173,8.0,1,5.52,0.031892117112874985
174,0.0,2,5.32,0.0413205549120903
175,4.0,1,5.3,0.027517542243003845
176,4.0,2,5.3,0.022032354027032852
177,0.0,3,5.1,0.049868449568748474
178,8.0,2,5.14,-0.06116242706775665
179,5.0,1,5.24,0.026597188785672188
180,8.0,2,5.3,-0.0341217964887619
181,5.0,2,5.24,-0.029123269021511078
182,5.0,2,5.22,-0.01536145806312561
183,4.0,3,5.16,0.05875018611550331
184,7.0,1,5.1,0.04066256806254387
185,5.0,2,5.06,0.025073600932955742
186,6.0,4,5.08,0.21128320693969727
187,5.0,1,5.06,0.029688511043787003
188,10.0,2,5.26,-0.07101359963417053
189,7.0,5,5.2,-0.08396594226360321
190,7.0,2,5.22,-0.09239163994789124
191,4.0,3,5.18,0.10429570078849792
192,0.0,3,5.1,0.04002412408590317
193,5.0,2,5.06,-0.00850348174571991
194,0.0,2,4.9,0.04470663145184517
195,6.0,2,5.02,0.06340532004833221
196,6.0,2,4.98,-0.0155962985008955
197,7.0,1,5.0,0.04512086883187294
198,4.0,5,5.0,0.022739779204130173
199,5.0,2,5.1,0.00629369355738163
200,6.0,1,5.12,0.03681458532810211
201,6.0,1,5.16,0.011997390538454056
202,5.0,1,5.14,0.060328409075737
203,10.0,1,5.22,0.029291566461324692
204,6.0,1,5.22,0.03102307766675949
205,0.0,2,5.14,0.03993314504623413
206,10.0,2,5.18,-0.018367217853665352
207,6.0,1,5.16,0.03338480368256569
208,6.0,2,5.12,0.11301842331886292
209,4.0,1,5.0,0.03961964696645737
210,8.0,1,5.16,0.039533618837594986
211,5.0,2,5.26,0.014903398230671883
212,6.0,1,5.18,0.04632117599248886
213,7.0,1,5.24,0.025540582835674286
214,0.0,2,5.12,0.03935616463422775
215,5.0,1,5.22,0.024409756064414978
216,6.0,2,5.24,-0.03188776597380638
217,6.0,1,5.2,0.021606864407658577
218,8.0,2,5.22,0.04585690051317215
219,0.0,2,5.1,0.045767106115818024
220,0.0,2,5.1,0.03880862146615982
221,0.0,2,5.0,0.040288399904966354
222,5.0,3,5.0,0.09857544302940369
223,6.0,2,4.96,-0.02189498022198677
224,6.0,1,5.08,0.01755472458899021
225,10.0,1,5.2,0.009753277525305748
226,6.0,1,5.24,0.01827789470553398
227,8.0,1,5.4,0.025181472301483154
228,7.0,4,5.38,-0.16895896196365356
229,5.0,3,5.38,0.010420028120279312
230,7.0,1,5.36,0.0453471876680851
231,4.0,2,5.34,0.045034948736429214
232,7.0,2,5.38,0.05077651888132095
233,6.0,1,5.42,0.043177492916584015
234,5.0,1,5.38,0.03327542170882225
235,4.0,1,5.36,0.03667563199996948
236,4.0,3,5.32,0.01136307418346405
237,4.0,1,5.3,0.03606706112623215
238,8.0,2,5.26,0.055397119373083115
239,7.0,1,5.26,0.02266760542988777
240,8.0,1,5.28,0.024481162428855896
241,5.0,2,5.3,0.02851494401693344
242,10.0,1,5.5,0.016277572140097618
243,4.0,2,5.48,0.01961364969611168
244,7.0,1,5.62,0.026073386892676353
245,7.0,1,5.64,0.028297360986471176
246,7.0,1,5.66,0.0224095918238163
247,6.0,2,5.64,0.007526228204369545
248,6.0,3,5.68,-0.06244141608476639
249,9.0,1,5.76,0.025296088308095932
250,6.0,2,5.76,0.04958221688866615
251,5.0,2,5.74,0.04632846266031265
252,8.0,1,5.8,0.037768684327602386
253,5.0,2,5.7,0.013666395097970963
254,8.0,1,5.74,0.02827497571706772
255,7.0,1,5.88,0.027068713679909706
256,6.0,2,5.8,0.03409971669316292
257,6.0,2,5.8,0.06228220835328102
258,10.0,1,5.88,0.007516259327530861
259,6.0,2,5.92,-0.026397233828902245
260,6.0,1,5.88,0.03129683434963226
261,6.0,1,5.9,0.018539223819971085
262,7.0,1,5.92,0.04367765784263611
263,5.0,1,5.88,0.04163942113518715
264,5.0,1,5.98,0.028578640893101692
265,5.0,1,5.98,0.025260422378778458
266,10.0,1,6.06,0.031518325209617615
267,5.0,1,6.04,0.01513498555868864
268,10.0,2,6.08,-0.08782020956277847
269,6.0,1,6.2,0.03191780671477318
270,10.0,1,6.4,0.023476628586649895
271,6.0,1,6.52,0.02043112926185131
272,8.0,2,6.58,-0.08104873448610306
273,10.0,1,6.66,0.016938375309109688
274,4.0,1,6.62,0.01034235954284668
275,7.0,1,6.56,0.012623882852494717
276,5.0,2,6.54,-0.0019868947565555573
277,6.0,2,6.5,0.033354394137859344
278,6.0,1,6.48,0.03876693546772003
279,4.0,2,6.46,-0.006020687520503998
280,6.0,1,6.44,0.03331741318106651
281,10.0,1,6.56,0.01936872862279415
282,10.0,1,6.62,0.02321227826178074
283,5.0,2,6.6,0.018088866025209427
284,6.0,1,6.62,0.027169857174158096
285,5.0,1,6.64,0.05525427311658859
286,4.0,2,6.64,-0.014563117176294327
287,5.0,1,6.66,0.021204449236392975
288,5.0,1,6.6,0.0159270241856575
289,4.0,1,6.54,0.03500570356845856
290,0.0,2,6.38,0.06142422929406166
291,4.0,1,6.36,0.018664909526705742
292,5.0,1,6.26,0.029151223599910736
293,7.0,2,6.32,0.018539786338806152
294,10.0,1,6.38,0.020685726776719093
295,6.0,2,6.36,0.0093491580337286
296,4.0,1,6.3,0.04771338775753975
297,6.0,2,6.3,-0.0035131946206092834
298,8.0,2,6.34,0.036516204476356506
299,8.0,1,6.32,0.029116444289684296
300,10.0,2,6.4,0.08543796092271805
301,8.0,2,6.46,-0.02803468145430088
302,0.0,4,6.3,0.050096478313207626
303,10.0,1,6.4,0.02837718464434147
304,10.0,4,6.44,-0.06268878281116486
305,6.0,2,6.42,0.001787327229976654
306,8.0,2,6.46,-0.014822293072938919
307,0.0,3,6.34,0.03783217445015907
308,8.0,4,6.3,-0.5064696073532104
309,7.0,1,6.32,0.022236008197069168
310,7.0,2,6.34,0.005250845104455948
311,10.0,2,6.42,-0.19962520897388458
312,10.0,1,6.48,0.024092447012662888
313,4.0,2,6.46,-0.013339407742023468
314,10.0,1,6.56,0.02423880435526371
315,4.0,1,6.54,0.024627216160297394
316,10.0,2,6.54,-0.0007100049406290054
317,9.0,2,6.62,0.01702042482793331
318,6.0,2,6.54,0.09168943762779236
319,4.0,1,6.5,0.030828019604086876
320,5.0,1,6.4,0.027076510712504387
321,5.0,1,6.38,0.020278964191675186
322,6.0,2,6.34,-0.0014427732676267624
323,6.0,3,6.26,-0.0302535742521286
324,6.0,2,6.3,0.07924917340278625
325,8.0,2,6.32,-0.035156745463609695
326,5.0,1,6.32,0.020569030195474625
327,6.0,2,6.32,-0.005253201350569725
328,6.0,1,6.32,0.024657094851136208
329,10.0,1,6.44,0.021244537085294724
330,8.0,2,6.48,0.011703810654580593
331,5.0,1,6.38,0.03339963033795357
332,8.0,1,6.34,0.018956046551465988
333,6.0,1,6.36,0.020419463515281677
334,5.0,1,6.34,0.02337627299129963
335,8.0,1,6.4,0.04021638259291649
336,0.0,2,6.32,0.028043001890182495
337,5.0,2,6.32,0.013172950595617294
338,10.0,1,6.42,0.011560251004993916
339,10.0,3,6.54,-0.0316779762506485
340,0.0,2,6.54,0.06784607470035553
341,8.0,2,6.62,0.0017933100461959839
342,0.0,2,6.52,0.03542572259902954
343,8.0,2,6.54,-0.002129286527633667
344,6.0,1,6.46,0.02631557732820511
345,5.0,4,6.44,0.012383893132209778
346,7.0,2,6.5,-0.11039674282073975
347,10.0,2,6.58,-0.0793362557888031
348,4.0,1,6.5,0.03343537077307701
349,10.0,1,6.54,0.011361350305378437
350,4.0,2,6.42,0.017324227839708328
351,5.0,2,6.36,0.014431212097406387
352,0.0,2,6.36,0.03451976552605629
353,8.0,1,6.32,0.01668555475771427
354,4.0,1,6.2,0.016177579760551453
355,5.0,3,6.18,-0.13556452095508575
356,8.0,1,6.18,0.02174176089465618
357,5.0,1,6.28,0.029296305030584335
358,10.0,2,6.32,0.048160046339035034
359,7.0,3,6.32,-0.02094288170337677
360,6.0,2,6.3,-0.01666843146085739
361,10.0,1,6.3,0.007487365044653416
362,8.0,1,6.26,0.015211383812129498
363,5.0,2,6.28,0.005858305841684341
364,8.0,2,6.24,-0.0134463831782341
365,10.0,2,6.36,0.00287029892206192
366,4.0,1,6.24,0.024086663499474525
367,5.0,2,6.16,0.007227243855595589
368,6.0,1,6.16,0.02379065938293934
369,5.0,2,6.18,0.02160077914595604
370,6.0,2,6.2,0.07909231632947922
371,5.0,2,6.2,-0.03562668710947037
372,0.0,2,6.08,0.0317048504948616
373,7.0,2,6.1,-0.028335344046354294
374,5.0,2,6.08,0.026960555464029312
375,10.0,1,6.12,0.011755325831472874
376,6.0,2,6.14,0.01799095794558525
377,10.0,2,6.22,-0.029129259288311005
378,8.0,4,6.26,0.0936015248298645
379,0.0,2,6.06,0.036132246255874634
380,4.0,1,5.98,0.010300394147634506
381,6.0,1,6.0,0.021405082195997238
382,8.0,1,6.0,0.007709712255746126
383,4.0,3,5.96,0.06957370042800903
384,6.0,1,5.98,0.02176821418106556
385,7.0,1,5.96,0.026595601812005043
386,9.0,2,6.14,-0.008226629346609116
387,7.0,1,6.18,0.007787225767970085
388,10.0,2,6.18,-0.0026592682115733624
389,10.0,2,6.18,-0.0549863763153553
390,4.0,1,6.26,0.028320660814642906
391,4.0,1,6.18,0.021691858768463135
392,5.0,2,6.28,-0.005735447630286217
393,5.0,2,6.22,-0.024396587163209915
394,10.0,1,6.3,0.005893781781196594
395,7.0,2,6.34,-0.02251272276043892
396,6.0,1,6.32,0.03785862401127815
397,8.0,1,6.28,0.011776329949498177
398,10.0,1,6.4,0.010626880452036858
399,5.0,3,6.3,0.01806453987956047
400,6.0,1,6.34,0.0217751394957304
401,8.0,1,6.4,0.013815389946103096
402,5.0,1,6.5,0.02444489486515522
403,7.0,2,6.48,0.03713439404964447
404,4.0,1,6.48,0.024798432365059853
405,10.0,2,6.58,0.06963254511356354
406,7.0,2,6.56,-0.002936038188636303
407,4.0,1,6.54,0.012416187673807144
408,4.0,2,6.42,0.06603795289993286
409,8.0,2,6.44,-0.031414493918418884
410,9.0,1,6.5,0.037991538643836975
411,4.0,3,6.38,0.09361093491315842
412,5.0,1,6.32,0.037232622504234314
413,8.0,2,6.38,-0.02505149133503437
414,4.0,1,6.3,0.04568294808268547
415,5.0,1,6.2,0.042932067066431046
416,6.0,3,6.24,0.012000355869531631
417,5.0,1,6.24,0.010825980454683304
418,10.0,1,6.32,0.01762416772544384
419,7.0,2,6.36,0.010753197595477104
420,5.0,2,6.34,0.01616082154214382
421,6.0,1,6.36,0.03568698465824127
422,8.0,1,6.52,0.011071798391640186
423,8.0,1,6.54,0.008918680250644684
424,4.0,2,6.52,0.0056601762771606445
425,5.0,1,6.42,0.027586473152041435
426,6.0,1,6.42,0.018302032724022865
427,6.0,1,6.34,0.009301012381911278
428,6.0,1,6.3,0.014528747648000717
429,5.0,2,6.4,-0.019262654706835747
430,8.0,1,6.48,0.007608986459672451
431,6.0,2,6.48,0.04184093698859215
432,8.0,2,6.48,-0.05150047689676285
433,4.0,1,6.48,0.03551527112722397
434,6.0,2,6.48,0.022044334560632706
435,10.0,2,6.54,-0.09816399961709976
436,7.0,2,6.5,0.039184607565402985
437,8.0,2,6.52,-0.013243947178125381
438,4.0,1,6.4,0.019699983298778534
439,4.0,2,6.28,0.012229904532432556
440,4.0,2,6.28,0.005249667912721634
441,10.0,1,6.4,0.009256967343389988
442,4.0,2,6.38,0.052982162684202194
443,6.0,1,6.4,0.013756869360804558
444,4.0,2,6.28,0.048550814390182495
445,7.0,2,6.28,0.07563310861587524
446,6.0,2,6.28,-0.043546777218580246
447,4.0,2,6.2,0.019729241728782654
448,0.0,2,6.0,0.037507809698581696
449,8.0,2,6.06,-0.04985267296433449
450,9.0,2,6.12,-0.07926546037197113
451,4.0,1,6.04,0.01908559910953045
452,5.0,2,6.04,0.005259668454527855
453,7.0,1,6.04,0.009461792185902596
454,10.0,2,6.16,0.1438242495059967
455,7.0,2,6.1,-0.025618530809879303
456,4.0,1,6.04,0.016976309940218925
457,8.0,1,6.12,0.01671026460826397
458,10.0,1,6.24,0.01942029595375061
459,10.0,3,6.28,-0.270834356546402
460,5.0,1,6.2,0.03178172931075096
461,8.0,1,6.28,0.018256841227412224
462,7.0,2,6.32,0.038209713995456696
463,5.0,1,6.26,0.013229540549218655
464,6.0,1,6.3,0.01719290018081665
465,7.0,1,6.34,0.045841582119464874
466,9.0,2,6.4,-0.07932469248771667
467,4.0,3,6.38,-0.039114173501729965
468,4.0,2,6.26,0.05230225622653961
469,6.0,1,6.24,0.03399142250418663
470,6.0,1,6.26,0.0367431677877903
471,5.0,2,6.24,0.06886519491672516
472,4.0,1,6.16,0.02948286384344101
473,0.0,2,6.0,0.04552984982728958
474,7.0,2,6.06,0.02447708696126938
475,5.0,2,6.06,-0.045336514711380005
476,4.0,2,6.02,0.012419178150594234
477,10.0,2,6.1,0.07180795073509216
478,7.0,1,6.12,0.015811912715435028
479,4.0,2,6.1,-0.029510021209716797
480,5.0,1,6.04,0.02221996709704399
481,6.0,1,6.04,0.014731557108461857
482,4.0,1,5.96,0.025888681411743164
483,10.0,1,6.08,0.0071000768803060055
484,6.0,2,6.08,-0.030086152255535126
485,8.0,2,6.04,-0.09590423107147217
486,4.0,2,5.98,0.09600716829299927
487,5.0,2,5.92,0.03335956484079361
488,7.0,1,5.98,0.017526118084788322
489,4.0,2,5.98,0.05077887326478958
490,4.0,1,5.98,0.01732402667403221
491,4.0,2,5.86,0.034789055585861206
492,5.0,1,5.88,0.011908250860869884
493,10.0,2,5.96,-0.11986960470676422
494,8.0,1,6.04,0.043611038476228714
495,8.0,1,6.06,0.021097678691148758
496,5.0,2,6.04,-0.019221900030970573
497,5.0,1,6.06,0.03351322188973427
498,6.0,2,6.18,-0.006515266373753548
499,6.0,2,6.14,-0.004484383389353752
500,5.0,1,6.06,0.04769374802708626
501,7.0,1,6.12,0.02447431907057762
502,7.0,1,6.16,0.014585736207664013
503,6.0,1,6.14,0.020796870812773705
504,7.0,1,6.08,0.020972924306988716
505,4.0,1,6.02,0.018330881372094154
506,5.0,2,6.04,-0.022003784775733948
507,5.0,2,5.98,-0.017331160604953766
508,6.0,2,5.9,-0.0142441987991333
509,6.0,2,5.82,-0.03755570203065872
510,10.0,1,5.92,0.011980084702372551
511,7.0,1,5.9,0.014247504994273186
512,7.0,3,5.9,-0.1868574619293213
513,7.0,2,5.94,0.017526542767882347
514,8.0,1,5.98,0.014347299002110958
515,10.0,1,6.04,0.04632742702960968
516,4.0,1,5.94,0.011459429748356342
517,5.0,2,5.96,-0.0012815594673156738
518,4.0,2,5.96,-0.03329950571060181
519,8.0,1,6.0,0.016211863607168198
520,7.0,2,6.02,0.017754023894667625
521,7.0,1,6.06,0.005473501514643431
522,6.0,2,6.1,0.0443417988717556
523,9.0,2,6.28,0.024781353771686554
524,8.0,1,6.3,0.013162575662136078
525,7.0,2,6.34,0.006379709579050541
526,6.0,2,6.38,-0.024731073528528214
527,4.0,2,6.26,0.010989280417561531
528,7.0,1,6.26,0.006770273670554161
529,10.0,1,6.38,0.02137221209704876
530,8.0,2,6.44,-0.00035244598984718323
531,10.0,1,6.52,0.012278681620955467
532,6.0,1,6.56,0.013818244449794292
533,7.0,1,6.5,0.002944072475656867
534,10.0,1,6.58,0.007477071601897478
535,10.0,2,6.62,0.02509758062660694
536,4.0,1,6.62,0.03562769666314125
537,5.0,1,6.62,0.010003802366554737
538,4.0,2,6.56,-0.02191014587879181
539,8.0,1,6.64,0.020458053797483444
540,4.0,1,6.64,0.015366721898317337
541,5.0,1,6.66,0.01012460794299841
542,7.0,2,6.7,-0.09036772698163986
543,6.0,1,6.62,0.003107651136815548
544,10.0,2,6.66,0.002777833491563797
545,6.0,1,6.62,0.013548796065151691
546,10.0,1,6.72,0.0023013283498585224
547,10.0,1,6.82,0.002040877938270569
548,4.0,1,6.78,0.04113592579960823
549,7.0,1,6.8,0.019736273214221
550,10.0,2,6.9,0.09223947674036026
551,7.0,2,6.9,0.06376248598098755
552,6.0,1,6.88,0.03520926088094711
553,10.0,1,6.96,0.040070269256830215
554,6.0,1,6.94,0.041944585740566254
555,8.0,1,7.02,0.007618973031640053
556,5.0,1,7.02,0.014466402120888233
557,5.0,1,7.02,0.005118491128087044
558,8.0,1,7.06,0.015688063576817513
559,8.0,1,7.1,0.00414489908143878
560,6.0,1,7.02,0.005897896829992533
561,7.0,2,7.02,-0.004179183393716812
562,7.0,2,7.02,0.0019748485647141933
563,7.0,2,7.02,-0.05537557229399681
564,7.0,2,7.0,-0.05533631518483162
565,4.0,1,6.88,0.009319568984210491
566,8.0,1,6.96,0.02948160655796528
567,10.0,1,7.06,0.003607445862144232
568,5.0,2,7.08,0.10693647712469101
569,7.0,2,7.06,-0.05892341583967209
570,8.0,1,7.08,0.0048694065771996975
571,7.0,2,7.08,-0.0701325461268425
572,6.0,2,7.08,0.010234883055090904
573,4.0,1,6.98,0.019851557910442352
574,6.0,2,6.94,-0.016479916870594025
575,4.0,1,6.88,0.01987709477543831
576,10.0,2,6.96,-0.002489045960828662
577,4.0,2,6.96,0.012583836913108826
578,6.0,1,6.94,0.004697208292782307
579,4.0,2,6.82,-0.017088400200009346
580,6.0,1,6.78,0.0068962955847382545
581,4.0,1,6.66,0.026254478842020035
582,10.0,1,6.74,0.005473085679113865
583,7.0,1,6.74,0.004824990406632423
584,10.0,1,6.74,0.00289586978033185
585,10.0,2,6.74,-0.03902588039636612
586,5.0,1,6.76,0.04942358285188675
587,5.0,2,6.76,-0.07453332841396332
588,9.0,1,6.86,0.025614675134420395
589,7.0,2,6.84,-0.0621366947889328
590,5.0,1,6.86,0.004817396402359009
591,8.0,1,6.92,0.029776379466056824
592,6.0,2,6.9,0.0878482386469841
593,10.0,1,6.98,0.002895526122301817
594,8.0,2,6.94,0.002348458394408226
595,8.0,2,6.98,0.07593616843223572
596,6.0,2,6.9,0.00476534990593791
597,6.0,2,6.82,0.10259252041578293
598,6.0,1,6.86,0.010595986619591713
599,9.0,1,6.9,0.0039117904379963875
600,8.0,1,6.86,0.004465476609766483
601,5.0,1,6.82,0.03863788768649101
602,5.0,1,6.8,0.004121214617043734
603,7.0,2,6.74,0.10304571688175201
604,10.0,1,6.82,0.003206462599337101
605,10.0,1,6.86,0.004136215895414352
606,10.0,2,6.96,0.002488491591066122
607,6.0,2,6.98,-0.06986969709396362
608,6.0,1,6.94,0.0245879665017128
609,7.0,1,6.92,0.004699221346527338
610,5.0,2,6.9,-0.0015129242092370987
611,4.0,1,6.84,0.0063747442327439785
612,4.0,2,6.78,0.013921243138611317
613,5.0,1,6.74,0.03390951827168465
614,4.0,2,6.68,0.020188670605421066
615,9.0,1,6.78,0.02049216628074646
616,5.0,2,6.72,0.005274882074445486
617,8.0,2,6.68,0.0011866623535752296
618,4.0,1,6.66,0.006076956633478403
619,6.0,1,6.64,0.03365243226289749
620,4.0,2,6.56,0.0075167519971728325
621,9.0,1,6.6,0.025406919419765472
622,10.0,3,6.68,-0.287559449672699
623,4.0,1,6.68,0.00579566927626729
624,10.0,2,6.76,0.04005005955696106
625,7.0,2,6.82,0.0770852118730545
626,4.0,2,6.7,0.014414967969059944
627,4.0,2,6.7,0.005303715355694294
628,4.0,2,6.66,0.04431287944316864
629,7.0,1,6.72,0.03183457627892494
630,8.0,2,6.76,0.2540309429168701
631,10.0,1,6.88,0.007401853799819946
632,6.0,2,6.8,0.07905950397253036
633,6.0,2,6.78,-0.04321042448282242
634,3.0,1,6.64,0.009794446639716625
635,5.0,4,6.54,0.08773581683635712
636,10.0,3,6.64,-0.392149418592453
637,6.0,1,6.66,0.02465282566845417
638,4.0,4,6.56,-0.08883469551801682
639,4.0,2,6.5,0.049144912511110306
640,4.0,1,6.48,0.004669417627155781
641,10.0,2,6.52,0.008087689988315105
642,8.0,2,6.56,0.006946072913706303
643,10.0,2,6.56,0.012018837034702301
644,4.0,1,6.48,0.004431888461112976
645,10.0,2,6.52,0.0025944849476218224
646,8.0,2,6.56,0.003499760990962386
647,4.0,2,6.52,0.07220827043056488
648,8.0,2,6.56,-0.019669055938720703
649,7.0,1,6.52,0.006707996129989624
650,8.0,1,6.52,0.004308040253818035
651,7.0,1,6.56,0.003760872408747673
652,5.0,1,6.56,0.005140248220413923
653,7.0,1,6.56,0.005452938377857208
654,6.0,1,6.48,0.0032636153046041727
655,4.0,2,6.36,0.02746978960931301
656,4.0,1,6.24,0.004474787041544914
657,8.0,1,6.28,0.003159494372084737
658,6.0,1,6.28,0.0033220371697098017
659,8.0,1,6.3,0.0031830694060772657
660,5.0,1,6.3,0.004656876903027296
661,10.0,1,6.42,0.019999966025352478
662,5.0,1,6.44,0.026826394721865654
663,10.0,1,6.54,0.0036816149950027466
664,4.0,2,6.54,0.0792808011174202
665,8.0,1,6.52,0.03606979176402092
666,5.0,1,6.52,0.004888906143605709
667,5.0,1,6.46,0.0049144611693918705
668,5.0,2,6.48,-0.005033981055021286
669,8.0,2,6.52,0.10255368798971176
670,6.0,2,6.56,0.07643680274486542
671,8.0,2,6.54,0.03683091700077057
672,5.0,1,6.44,0.004758607130497694
673,10.0,2,6.56,0.09642636030912399
674,7.0,1,6.5,0.03581967204809189
675,5.0,1,6.46,0.004498328547924757
676,7.0,1,6.52,0.0031700425315648317
677,6.0,1,6.56,0.0064027695916593075
678,6.0,1,6.6,0.004549829754978418
679,7.0,1,6.6,0.03185195475816727
680,10.0,2,6.64,-0.02761259116232395
681,10.0,2,6.64,0.0029686284251511097
682,4.0,2,6.6,0.03674814850091934
683,5.0,1,6.58,0.025415996089577675
684,5.0,1,6.62,0.03144751116633415
685,10.0,2,6.72,0.025019217282533646
686,7.0,1,6.66,0.02146400325000286
687,5.0,2,6.64,0.009318436495959759
688,7.0,1,6.7,0.03444145247340202
689,6.0,2,6.74,0.0069831726141273975
690,5.0,2,6.76,0.008864343166351318
691,6.0,1,6.68,0.006274468265473843
692,8.0,2,6.68,0.00835506059229374
693,8.0,2,6.64,0.0070930770598351955
694,10.0,2,6.76,0.012118523009121418
695,8.0,1,6.72,0.05479218438267708
696,5.0,1,6.66,0.02307356707751751
697,6.0,1,6.7,0.005109344143420458
698,8.0,2,6.7,-0.18611475825309753
699,10.0,2,6.76,0.14054343104362488
700,5.0,1,6.7,0.007578419055789709
701,7.0,2,6.7,-0.04250118508934975
702,6.0,2,6.72,-0.06230313330888748
703,10.0,1,6.78,0.01832224614918232
704,5.0,1,6.76,0.014887100085616112
705,10.0,2,6.88,0.05754769593477249
706,10.0,1,7.0,0.003975974395871162
707,4.0,2,6.92,0.008679651655256748
708,5.0,1,6.9,0.004360987804830074
709,10.0,2,6.94,0.0023754616267979145
710,7.0,2,6.98,0.009540791623294353
711,5.0,2,6.88,0.01570807956159115
712,9.0,1,6.96,0.037724267691373825
713,7.0,2,6.9,0.012362606823444366
714,7.0,1,6.96,0.005697380285710096
715,7.0,2,6.94,0.05742296576499939
716,4.0,2,6.92,0.05747198313474655
717,10.0,1,7.02,0.012512733228504658
718,5.0,2,7.02,0.006684570573270321
719,4.0,1,6.94,0.0063019124791026115
720,5.0,2,6.92,-0.008244693279266357
721,5.0,2,6.86,-0.11100313067436218
722,5.0,2,6.86,0.006378562655299902
723,5.0,2,6.76,0.07015842199325562
724,7.0,2,6.76,-0.03393245488405228
725,4.0,1,6.74,0.013266392983496189
726,6.0,2,6.72,0.0020090248435735703
727,10.0,2,6.8,0.006999055854976177
728,10.0,1,6.88,0.003872789442539215
729,7.0,2,6.88,0.08145295083522797
730,9.0,2,6.86,-7.351022213697433e-05
731,6.0,2,6.78,0.0049238610081374645
732,7.0,2,6.84,-0.04712669551372528
733,4.0,2,6.82,0.01015052106231451
734,4.0,1,6.8,0.006054851692169905
735,7.0,1,6.74,0.03265230730175972
736,5.0,2,6.7,-0.02255227603018284
737,5.0,1,6.7,0.0069190580397844315
738,4.0,2,6.64,0.10282111167907715
739,7.0,2,6.66,-0.08889638632535934
740,6.0,2,6.68,0.06496592611074448
741,7.0,2,6.7,-0.08588001132011414
742,7.0,1,6.68,0.020492717623710632
743,8.0,2,6.68,0.057611286640167236
744,6.0,1,6.6,0.0031343037262558937
745,5.0,1,6.54,0.002912483410909772
746,4.0,1,6.52,0.06120014935731888
747,6.0,2,6.52,-0.013614661991596222
748,6.0,1,6.48,0.031323470175266266
749,8.0,1,6.44,0.01292443834245205
750,9.0,2,6.52,0.10681980848312378
751,7.0,2,6.52,0.057656388729810715
752,8.0,2,6.56,0.0067049479112029076
753,9.0,1,6.54,0.0033866907469928265
754,8.0,1,6.6,0.006941705010831356
755,5.0,1,6.5,0.019986342638731003
756,5.0,1,6.4,0.0051936255767941475
757,8.0,2,6.48,0.1636476069688797
758,4.0,1,6.46,0.016680695116519928
759,5.0,1,6.36,0.022609848529100418
760,9.0,2,6.4,-0.12737871706485748
761,8.0,2,6.46,0.12939344346523285
762,6.0,2,6.4,-0.009767907671630383
763,6.0,2,6.38,0.00584740424528718
764,5.0,1,6.34,0.01438729278743267
765,5.0,2,6.3,-0.05613241717219353
766,10.0,1,6.42,0.011895730160176754
767,6.0,1,6.34,0.006746834143996239
768,7.0,1,6.38,0.031456392258405685
769,6.0,2,6.42,0.05994407460093498
770,6.0,1,6.44,0.005687159951776266
771,7.0,2,6.48,0.03826526179909706
772,6.0,1,6.5,0.01255534403026104
773,4.0,2,6.48,0.002291867509484291
774,4.0,2,6.42,0.01252815406769514
775,8.0,2,6.5,-0.0029548807069659233
776,10.0,2,6.58,0.003853311762213707
777,5.0,2,6.48,0.0013155993074178696
778,9.0,1,6.46,0.0019951248541474342
779,6.0,2,6.44,0.09782713651657104
780,8.0,1,6.42,0.043725188821554184
781,4.0,1,6.38,0.010365373454988003
782,7.0,1,6.38,0.017437027767300606
783,8.0,2,6.46,-0.032806701958179474
784,7.0,2,6.52,0.11070392280817032
785,7.0,2,6.52,0.10293169319629669
786,10.0,2,6.62,0.009046140126883984
787,3.0,2,6.58,0.009820875711739063
788,10.0,1,6.7,0.044728539884090424
789,4.0,1,6.64,0.012578866444528103
790,7.0,2,6.66,-0.14694929122924805
791,10.0,1,6.72,0.048315033316612244
792,4.0,2,6.66,0.012943404726684093
793,7.0,1,6.64,0.007566414773464203
794,4.0,1,6.6,0.011308074928820133
795,10.0,1,6.7,0.013829974457621574
796,5.0,1,6.72,0.017554018646478653
797,8.0,2,6.76,-0.03854822739958763
798,8.0,1,6.8,0.0159348975867033
799,7.0,1,6.78,0.002870138268917799
800,6.0,1,6.72,0.006322184111922979
801,5.0,2,6.68,0.006661249790340662
802,6.0,2,6.64,0.0019498858600854874
803,10.0,2,6.66,0.06245840713381767
804,4.0,1,6.58,0.004862193483859301
805,4.0,2,6.56,-0.014732488431036472
806,5.0,1,6.56,0.005033557768911123
807,7.0,1,6.54,0.006157450377941132
808,8.0,1,6.62,0.004695388022810221
809,6.0,1,6.64,0.007059323135763407
810,4.0,2,6.54,0.00021093152463436127
811,6.0,1,6.5,0.03314867615699768
812,6.0,1,6.5,0.005454387050122023
813,10.0,1,6.58,0.0022998342756181955
814,8.0,1,6.64,0.004380534403026104
815,4.0,1,6.62,0.007366370875388384
816,7.0,2,6.56,0.037718310952186584
817,6.0,2,6.56,0.06491352617740631
818,5.0,1,6.52,0.017120402306318283
819,4.0,1,6.48,0.026019033044576645
820,5.0,1,6.46,0.005172204226255417
821,5.0,2,6.42,-0.029904017224907875
822,5.0,1,6.4,0.018048541620373726
823,7.0,2,6.46,0.01080721989274025
824,6.0,1,6.5,0.03919782489538193
825,4.0,1,6.42,0.018344035372138023
826,5.0,2,6.32,-0.07244542241096497
827,10.0,2,6.42,0.006569646764546633
828,8.0,1,6.4,0.0022792480885982513
829,6.0,2,6.4,0.020757736638188362
830,6.0,1,6.36,0.0028381426818668842
831,6.0,1,6.4,0.015535619109869003
832,6.0,1,6.38,0.004849618766456842
833,5.0,1,6.32,0.0638684332370758
834,6.0,1,6.3,0.007605798076838255
835,10.0,1,6.36,0.008183896541595459
836,9.0,2,6.34,0.17001943290233612
837,10.0,2,6.48,0.002561042085289955
838,8.0,1,6.44,0.003638270776718855
839,6.0,1,6.48,0.007018490228801966
840,4.0,1,6.42,0.014633260667324066
841,8.0,1,6.38,0.0023165219463407993
842,8.0,1,6.46,0.024665942415595055
843,8.0,1,6.48,0.008912209421396255
844,6.0,1,6.52,0.020486367866396904
845,5.0,1,6.42,0.03934681415557861
846,6.0,2,6.44,0.007241186685860157
847,5.0,2,6.38,-0.013155586086213589
848,7.0,2,6.36,0.03525157272815704
849,10.0,1,6.42,0.009076234884560108
850,6.0,2,6.42,-0.03960951417684555
851,6.0,1,6.44,0.036078110337257385
852,7.0,2,6.46,-0.019321992993354797
853,5.0,1,6.36,0.03291166573762894
854,7.0,2,6.42,0.006125322543084621
855,10.0,2,6.54,0.11492353677749634
856,10.0,2,6.64,0.00578582426533103
857,6.0,1,6.62,0.02163795940577984
858,7.0,2,6.6,0.05127089098095894
859,5.0,1,6.58,0.021861573681235313
860,8.0,1,6.66,0.019352424889802933
861,6.0,2,6.66,0.010161508806049824
862,5.0,1,6.64,0.00591603759676218
863,4.0,1,6.52,0.03786594793200493
864,8.0,1,6.52,0.010542047210037708
865,10.0,2,6.64,0.002422248013317585
866,5.0,1,6.6,0.03530247509479523
867,6.0,1,6.6,0.01929617114365101
868,4.0,1,6.58,0.0200591329485178
869,8.0,2,6.66,0.027930177748203278
870,5.0,2,6.66,0.04420360177755356
871,8.0,1,6.72,0.011489544995129108
872,4.0,1,6.7,0.013039524666965008
873,5.0,1,6.66,0.03237038105726242
874,8.0,1,6.7,0.024324579164385796
875,8.0,2,6.78,0.17116083204746246
876,6.0,2,6.8,-0.03953741118311882
877,8.0,2,6.76,-0.0853981226682663
878,5.0,2,6.7,0.00346403568983078
879,5.0,2,6.68,0.022668223828077316
880,10.0,1,6.76,0.0050105503760278225
881,4.0,1,6.72,0.035748522728681564
882,7.0,1,6.74,0.0091094346717
883,7.0,1,6.78,0.02559717558324337
884,8.0,1,6.82,0.021539371460676193
885,9.0,1,6.8,0.0017922013066709042
886,10.0,1,6.82,0.004844497423619032
887,6.0,1,6.74,0.009157831780612469
888,8.0,1,6.74,0.018896974623203278
889,4.0,1,6.7,0.014700587838888168
890,4.0,1,6.7,0.032248955219984055
891,4.0,2,6.62,0.03200696036219597
892,4.0,1,6.54,0.012964513152837753
893,7.0,1,6.52,0.0024282517842948437
894,10.0,1,6.6,0.0045905280858278275
895,5.0,2,6.6,0.07616318762302399
896,7.0,2,6.62,0.27449703216552734
897,6.0,1,6.64,0.010691129602491856
898,10.0,2,6.7,0.012506592087447643
899,6.0,1,6.62,0.013537285849452019
900,5.0,1,6.6,0.00954362377524376
901,8.0,1,6.64,0.013537424616515636
902,8.0,1,6.66,0.04110392555594444
903,6.0,2,6.68,0.0595051646232605
904,8.0,1,6.7,0.014190537855029106
905,5.0,1,6.6,0.009739076718688011
906,6.0,2,6.52,-0.07303361594676971
907,10.0,2,6.6,0.0036519812420010567
908,6.0,1,6.58,0.025636250153183937
909,7.0,2,6.62,0.005528741050511599
910,6.0,2,6.58,0.10953719168901443
911,5.0,2,6.56,0.07187826931476593
912,5.0,2,6.56,0.07493484765291214
913,7.0,1,6.62,0.004202658776193857
914,6.0,1,6.58,0.010056241415441036
915,6.0,1,6.5,0.01918971538543701
916,4.0,1,6.48,0.015446852892637253
917,7.0,2,6.5,0.04920294135808945
918,8.0,2,6.58,0.015948757529258728
919,8.0,2,6.58,0.04181564226746559
920,5.0,1,6.58,0.013207077980041504
921,10.0,1,6.62,0.005301801022142172
922,7.0,1,6.68,0.0031782793812453747
923,6.0,2,6.7,0.08910109102725983
924,7.0,1,6.68,0.02822096087038517
925,6.0,2,6.64,-0.06577880680561066
926,7.0,2,6.66,-0.1961367279291153
927,6.0,1,6.62,0.013200849294662476
928,6.0,1,6.64,0.009172949939966202
929,6.0,2,6.66,0.01943746954202652
930,7.0,1,6.6,0.030387844890356064
931,5.0,2,6.62,0.07008588314056396
932,8.0,1,6.64,0.014625742100179195
933,8.0,2,6.66,0.10980226844549179
934,5.0,2,6.6,-0.12118121981620789
935,10.0,1,6.62,0.023865511640906334
936,7.0,1,6.56,0.007418804802000523
937,10.0,1,6.64,0.019161799922585487
938,7.0,2,6.62,-0.03220188245177269
939,7.0,2,6.68,-0.09312738478183746
940,4.0,3,6.68,-0.06393010914325714
941,8.0,2,6.76,-0.013797766529023647
942,8.0,1,6.84,0.018684647977352142
943,7.0,2,6.84,0.08608023822307587
944,10.0,1,6.84,0.009086105972528458
945,8.0,2,6.9,0.11105524748563766
946,6.0,2,6.88,0.008842318318784237
947,8.0,2,6.92,0.09645894914865494
948,4.0,1,6.8,0.020144488662481308
949,8.0,1,6.84,0.0037026451900601387
950,6.0,2,6.86,0.016115492209792137
951,4.0,1,6.78,0.032663293182849884
952,6.0,2,6.74,0.014993595890700817
953,10.0,2,6.82,0.009502888657152653
954,4.0,1,6.74,0.030026404187083244
955,7.0,2,6.78,0.007305345498025417
956,7.0,2,6.8,0.047572433948516846
957,4.0,2,6.68,0.006159940734505653
958,10.0,2,6.76,0.004211943596601486
959,6.0,1,6.74,0.008637018501758575
960,10.0,3,6.82,-0.10546597838401794
961,6.0,1,6.84,0.024662580341100693
962,5.0,2,6.84,-0.01753261312842369
963,7.0,2,6.84,0.014583264477550983
964,6.0,2,6.84,0.007998015731573105
965,7.0,1,6.86,0.007722240407019854
966,6.0,2,6.9,0.06852955371141434
967,4.0,1,6.84,0.010651682503521442
968,7.0,2,6.82,0.07347223907709122
969,4.0,1,6.74,0.03646719083189964
970,4.0,1,6.72,0.011212948709726334
971,4.0,2,6.6,-0.010746258310973644
972,7.0,2,6.6,0.05677348002791405
973,4.0,1,6.56,0.031589750200510025
974,6.0,2,6.54,0.08039712905883789
975,6.0,1,6.54,0.0063513400964438915
976,10.0,2,6.6,-0.05447578430175781
977,7.0,1,6.62,0.009174346923828125
978,6.0,1,6.62,0.023840269073843956
979,8.0,2,6.66,0.007302678190171719
980,6.0,2,6.64,0.044451769441366196
981,10.0,1,6.74,0.0077488175593316555
982,6.0,1,6.7,0.004190719220787287
983,5.0,2,6.64,-0.02231140434741974
984,7.0,2,6.68,-0.05203825980424881
985,4.0,2,6.56,0.00968772079795599
986,10.0,1,6.62,0.0055762045085430145
987,6.0,1,6.54,0.006675268989056349
988,4.0,1,6.48,0.00633018184453249
989,8.0,2,6.5,-0.006190923973917961
990,10.0,2,6.62,-0.1018121987581253
991,6.0,2,6.58,0.028678180649876595
992,5.0,1,6.52,0.006050273776054382
993,10.0,1,6.58,0.008147669956088066
994,6.0,2,6.5,0.006561832036823034
995,7.0,2,6.48,0.012359753251075745
996,10.0,1,6.56,0.0035434463061392307
997,10.0,2,6.6,-0.05036317929625511
998,5.0,1,6.62,0.00350671517662704
999,7.0,1,6.6,0.0033544220495969057
1000,6.0,2,6.6,0.124717578291893
1001,7.0,1,6.66,0.00437190243974328
1002,5.0,1,6.64,0.005738007370382547
1003,5.0,2,6.54,0.008950412273406982
1004,7.0,1,6.6,0.0022268369793891907
1005,8.0,2,6.62,-0.056083254516124725
1006,9.0,2,6.66,0.00867842324078083
1007,3.0,1,6.64,0.005114332307130098
1008,5.0,1,6.54,0.027173927053809166
1009,3.0,2,6.48,0.09456340223550797
1010,4.0,1,6.36,0.0044802273623645306
1011,8.0,1,6.4,0.005360244773328304
1012,6.0,2,6.42,0.005496524274349213
1013,8.0,2,6.44,0.006852324586361647
1014,10.0,2,6.52,0.005338895134627819
1015,5.0,1,6.48,0.03660136088728905
1016,4.0,2,6.44,0.0071499585174024105
1017,6.0,2,6.48,0.005575689021497965
1018,8.0,1,6.5,0.006676889955997467
1019,6.0,1,6.54,0.023877279832959175
1020,10.0,1,6.66,0.003118142718449235
1021,7.0,2,6.72,0.005419144406914711
1022,7.0,2,6.72,0.007503494620323181
1023,5.0,1,6.74,0.0029162049759179354
1024,8.0,1,6.78,0.0018578486051410437
1025,8.0,2,6.82,-0.08547216653823853
1026,5.0,2,6.72,0.005195068195462227
1027,5.0,2,6.68,0.005640572868287563
1028,8.0,1,6.72,0.019548939540982246
1029,4.0,2,6.64,0.05439206212759018
1030,10.0,1,6.72,0.002702378900721669
1031,7.0,1,6.66,0.0019183208933100104
1032,5.0,1,6.64,0.0031189622823148966
1033,5.0,1,6.64,0.02721080183982849
1034,7.0,2,6.64,0.004571857862174511
1035,7.0,2,6.7,0.010911915451288223
1036,7.0,1,6.64,0.002562359208241105
1037,8.0,2,6.68,0.11366435885429382
1038,5.0,1,6.7,0.03027048520743847
1039,8.0,2,6.7,0.005552386865019798
1040,8.0,1,6.66,0.0023829832207411528
1041,5.0,1,6.64,0.002408513566479087
1042,5.0,2,6.64,0.04918065667152405
1043,5.0,2,6.54,-0.044004589319229126
1044,4.0,2,6.5,0.04520806670188904
1045,7.0,2,6.5,0.0070897797122597694
1046,4.0,1,6.38,0.02011437527835369
1047,10.0,1,6.38,0.019971879199147224
1048,8.0,1,6.44,0.03488928824663162
1049,4.0,2,6.38,0.004893503617495298
1050,5.0,2,6.36,0.0051459576934576035
1051,8.0,2,6.38,0.214885875582695
1052,4.0,2,6.36,0.007234103977680206
1053,5.0,2,6.36,0.0065623559057712555
1054,10.0,2,6.42,0.004458950832486153
1055,6.0,1,6.38,0.0031228673178702593
1056,6.0,1,6.32,0.003173609497025609
1057,10.0,1,6.46,0.0037016768474131823
1058,5.0,2,6.46,0.09328357875347137
1059,6.0,1,6.52,0.017177700996398926
1060,5.0,2,6.54,-0.011934773065149784
1061,7.0,1,6.52,0.0033256751485168934
1062,10.0,2,6.6,0.0038370429538190365
1063,8.0,2,6.6,0.0036502843722701073
1064,9.0,2,6.58,-0.06143032759428024
1065,4.0,2,6.56,0.009403226897120476
1066,8.0,1,6.64,0.0018361631082370877
1067,4.0,2,6.6,0.007691787090152502
1068,10.0,1,6.64,0.004162734840065241
1069,5.0,1,6.62,0.023865709081292152
1070,4.0,2,6.5,0.0068207234144210815
1071,8.0,1,6.52,0.0041506472043693066
1072,6.0,1,6.5,0.002530295168980956
1073,4.0,2,6.48,0.025088995695114136
1074,4.0,1,6.4,0.004217203240841627
1075,7.0,2,6.38,0.005077037028968334
1076,8.0,1,6.44,0.0048020826652646065
1077,5.0,2,6.44,0.005193864926695824
1078,4.0,2,6.36,0.006685899570584297
1079,6.0,1,6.4,0.0038413803558796644
1080,8.0,1,6.36,0.016797006130218506
1081,7.0,1,6.36,0.003655558219179511
1082,7.0,2,6.4,0.004618817009031773
1083,5.0,2,6.4,0.006714921910315752
1084,10.0,1,6.46,0.01664656400680542
1085,10.0,1,6.52,0.001149573945440352
1086,4.0,1,6.46,0.019081968814134598
1087,6.0,1,6.42,0.002344647189602256
1088,5.0,1,6.42,0.03774729743599892
1089,4.0,1,6.34,0.0036338104400783777
1090,6.0,1,6.3,0.019369248300790787
1091,7.0,2,6.34,-0.21337071061134338
1092,4.0,2,6.32,0.006728634238243103
1093,5.0,1,6.32,0.004082627594470978
1094,7.0,1,6.38,0.03268493711948395
1095,5.0,2,6.34,0.005527328699827194
1096,9.0,2,6.44,0.005158902611583471
1097,10.0,2,6.44,0.004985785111784935
1098,8.0,2,6.44,0.0031751147471368313
1099,8.0,2,6.52,0.13914597034454346
1100,7.0,1,6.56,0.0016783440951257944
1101,6.0,1,6.52,0.030210044234991074
1102,4.0,1,6.52,0.0046466137282550335
1103,6.0,2,6.54,-0.032105542719364166
1104,4.0,1,6.42,0.03213534876704216
1105,10.0,1,6.5,0.0023392345756292343
1106,5.0,1,6.48,0.0025014730636030436
1107,4.0,1,6.36,0.028399214148521423
1108,6.0,1,6.38,0.0033671637065708637
1109,10.0,2,6.46,0.005455187521874905
1110,5.0,2,6.46,-0.05330023542046547
1111,4.0,2,6.4,-0.05433608219027519
1112,8.0,2,6.36,0.004241290967911482
1113,10.0,1,6.4,0.000690818706061691
1114,6.0,2,6.34,0.004181195516139269
1115,8.0,2,6.42,0.005151101853698492
1116,5.0,2,6.36,0.005639927927404642
1117,5.0,2,6.38,0.003641396062448621
1118,7.0,1,6.32,0.0019942133221775293
1119,10.0,2,6.42,0.008610469289124012
1120,4.0,1,6.42,0.019734011963009834
1121,7.0,1,6.4,0.0016556435730308294
1122,4.0,2,6.36,0.004756476730108261
1123,5.0,2,6.38,-0.06970196962356567
1124,4.0,2,6.38,0.004251234699040651
1125,8.0,1,6.4,0.0012905227486044168
1126,4.0,1,6.32,0.02345593087375164
1127,4.0,1,6.3,0.002614848781377077
1128,6.0,2,6.34,0.005988357588648796
1129,4.0,1,6.3,0.0025853924453258514
1130,4.0,1,6.22,0.002595843281596899
1131,6.0,2,6.2,0.0039859190583229065
1132,8.0,1,6.22,0.057570330798625946
1133,4.0,1,6.2,0.003013855777680874
1134,5.0,1,6.1,0.00179298163857311
1135,4.0,1,5.98,0.0030095300171524286
1136,6.0,2,6.02,0.003388393670320511
1137,4.0,1,5.98,0.002394059207290411
1138,7.0,1,6.02,0.0025877465959638357
1139,8.0,1,6.1,0.002416018396615982
1140,6.0,2,6.1,0.003697055857628584
1141,6.0,1,6.08,0.0016048471443355083
1142,4.0,2,6.08,-0.027522025629878044
1143,4.0,1,6.06,0.0020600315183401108
1144,5.0,2,6.02,-0.05373704433441162
1145,6.0,1,6.04,0.03983267396688461
1146,5.0,2,5.96,0.0026820700149983168
1147,6.0,1,5.88,0.0011812846641987562
1148,6.0,2,5.84,0.10671814531087875
1149,4.0,2,5.76,-0.04006851464509964
1150,9.0,2,5.8,0.17567260563373566
1151,6.0,2,5.8,0.004365528933703899
1152,5.0,1,5.82,0.0019713714718818665
1153,7.0,1,5.84,0.0012995849829167128
1154,4.0,1,5.84,0.0021461881697177887
1155,9.0,1,5.82,0.0010202875128015876
1156,8.0,2,5.88,0.006352971773594618
1157,8.0,2,5.96,0.004026320297271013
1158,4.0,2,5.92,0.003940439783036709
1159,6.0,2,5.84,0.003326895646750927
1160,8.0,2,5.9,0.0018884220626205206
1161,4.0,2,5.9,0.06963521242141724
1162,8.0,1,5.9,0.02791515551507473
1163,5.0,1,5.8,0.0017796048196032643
1164,7.0,1,5.82,0.0010512737790122628
1165,4.0,2,5.74,0.0063852593302726746
1166,6.0,1,5.76,0.02146516926586628
1167,8.0,1,5.82,0.003256307216361165
1168,5.0,2,5.78,0.004698635078966618
1169,7.0,1,5.72,0.001997034763917327
1170,4.0,2,5.72,0.0029917904175817966
1171,4.0,2,5.66,0.004700453486293554
1172,7.0,1,5.72,0.0011940462281927466
1173,4.0,1,5.7,0.0027086003683507442
1174,8.0,1,5.78,0.0008107236353680491
1175,4.0,1,5.7,0.0015306789427995682
1176,4.0,1,5.7,0.0033351387828588486
1177,10.0,1,5.82,0.0007353874389082193
1178,6.0,2,5.82,0.212684765458107
1179,6.0,1,5.86,0.001293211942538619
1180,5.0,2,5.88,0.08070223033428192
1181,9.0,2,5.94,0.0032502480316907167
1182,6.0,1,5.9,0.001995642902329564
1183,9.0,2,6.0,0.0031473860144615173
1184,6.0,1,6.02,0.001177340280264616
1185,5.0,2,6.04,0.12921501696109772
1186,10.0,2,6.12,0.1687423139810562
1187,7.0,1,6.18,0.0009698692592792213
1188,5.0,1,6.14,0.00492549454793334
1189,4.0,2,6.06,0.0031054746359586716
1190,4.0,1,6.02,0.005643731448799372
1191,8.0,1,6.06,0.0050324490293860435
1192,4.0,1,6.06,0.0020938338711857796
1193,5.0,2,6.08,0.00573114724829793
1194,6.0,2,6.1,-0.006507761776447296
1195,9.0,2,6.16,-0.04314553365111351
1196,7.0,2,6.2,0.003818514058366418
1197,6.0,1,6.2,0.006106344982981682
1198,6.0,1,6.2,0.02023984119296074
1199,7.0,2,6.26,-0.12150584161281586
1200,4.0,1,6.16,0.004881241358816624
1201,8.0,2,6.2,-0.04347144812345505
1202,7.0,1,6.24,0.017715444788336754
1203,4.0,2,6.18,0.004535459913313389
1204,6.0,2,6.22,0.00393254216760397
1205,6.0,1,6.16,0.0048673804849386215
1206,6.0,1,6.12,0.02013685181736946
1207,9.0,1,6.14,0.005108903627842665
1208,4.0,2,6.14,0.009147419594228268
1209,6.0,2,6.14,0.0026062342803925276
1210,10.0,2,6.18,0.0018089327495545149
1211,6.0,1,6.22,0.054798517376184464
1212,4.0,2,6.14,0.009192691184580326
1213,7.0,1,6.18,0.017211755737662315
1214,6.0,1,6.16,0.003956075292080641
1215,4.0,2,6.16,0.057408660650253296
1216,4.0,2,6.12,0.006766770500689745
1217,7.0,2,6.1,0.023879023268818855
1218,6.0,1,6.12,0.006983992177993059
1219,7.0,1,6.12,0.006652332376688719
1220,10.0,2,6.24,-0.0737907886505127
1221,7.0,1,6.3,0.0015782199334353209
1222,10.0,1,6.36,0.0009834150550886989
1223,6.0,2,6.4,0.007110101170837879
1224,5.0,2,6.34,-0.019723275676369667
1225,10.0,1,6.46,0.00524745462462306
1226,4.0,2,6.46,0.06331492960453033
1227,10.0,1,6.46,0.0012815521331503987
1228,7.0,2,6.48,0.07559137791395187
1229,8.0,1,6.52,0.0021507476922124624
1230,4.0,2,6.5,0.00512973265722394
1231,10.0,1,6.52,0.020963722839951515
1232,7.0,1,6.54,0.002430790103971958
1233,5.0,1,6.46,0.0017616978147998452
1234,7.0,1,6.48,0.016516052186489105
1235,10.0,1,6.58,0.005748390220105648
1236,8.0,2,6.54,0.0037943986244499683
1237,6.0,1,6.52,0.002686423249542713
1238,4.0,1,6.5,0.017367051914334297
1239,8.0,1,6.58,0.005828798282891512
1240,6.0,2,6.62,-0.12871727347373962
1241,7.0,1,6.6,0.0026515843346714973
1242,6.0,2,6.64,0.007149499375373125
1243,8.0,1,6.7,0.02140907756984234
1244,5.0,2,6.68,-0.0417356938123703
1245,9.0,1,6.68,0.006194517482072115
1246,4.0,2,6.62,0.007630618289113045
1247,4.0,1,6.58,0.006309995893388987
1248,10.0,1,6.66,0.0012431468348950148
1249,4.0,1,6.6,0.0071758246049284935
1250,8.0,1,6.68,0.0054442682303488255
1251,10.0,1,6.72,0.0011941109551116824
1252,9.0,2,6.76,0.0024917791597545147
1253,7.0,1,6.82,0.020428583025932312
1254,9.0,1,6.88,0.0023828274570405483
1255,8.0,1,6.92,0.02036440558731556
1256,6.0,1,6.92,0.006190882064402103
1257,4.0,2,6.82,-0.032312870025634766
1258,6.0,2,6.86,-0.10201974958181381
1259,8.0,2,6.9,0.005236090160906315
1260,4.0,2,6.78,0.006779971532523632
1261,4.0,2,6.74,0.06350938230752945
1262,5.0,1,6.76,0.00602753134444356
1263,4.0,1,6.7,0.04080352187156677
1264,5.0,1,6.68,0.0032554129138588905
1265,7.0,1,6.74,0.006315269507467747
1266,6.0,1,6.78,0.023069774731993675
1267,5.0,2,6.74,0.002882644534111023
1268,8.0,2,6.78,0.047197453677654266
1269,10.0,1,6.84,0.0009335285285487771
1270,6.0,1,6.76,0.00121791148558259
1271,6.0,2,6.74,0.0018479209393262863
1272,7.0,2,6.68,0.002648760098963976
1273,8.0,1,6.72,0.028339549899101257
1274,10.0,1,6.82,0.028380662202835083
1275,8.0,2,6.78,0.0027787263970822096
1276,9.0,1,6.88,0.026172146201133728
1277,8.0,2,6.84,0.0018312926404178143
1278,9.0,1,6.88,0.0011656441492959857
1279,7.0,2,6.86,0.06145819276571274
1280,7.0,1,6.92,0.05308373644948006
1281,5.0,1,6.82,0.04467451572418213
1282,9.0,1,6.86,0.022539474070072174
1283,6.0,1,6.88,0.003920561634004116
1284,6.0,1,6.86,0.000711218744982034
1285,5.0,2,6.76,0.014042316004633904
1286,5.0,1,6.7,0.003496002173051238
1287,7.0,2,6.72,0.013888170942664146
1288,5.0,1,6.74,0.0215512216091156
1289,5.0,2,6.68,-0.008337319828569889
1290,8.0,1,6.72,0.01066882349550724
1291,6.0,2,6.7,0.032365281134843826
1292,6.0,2,6.7,0.04443692788481712
1293,4.0,1,6.62,0.006556230131536722
1294,6.0,2,6.64,0.04115518927574158
1295,8.0,1,6.62,0.011308811604976654
1296,7.0,2,6.68,0.0019432494882494211
1297,7.0,2,6.74,0.0018178126774728298
1298,9.0,1,6.72,0.05731518566608429
1299,7.0,2,6.78,-0.0065452102571725845
1300,6.0,1,6.74,0.0015363012207672
1301,8.0,2,6.7,-0.0005191033706068993
1302,5.0,1,6.62,0.0007167166913859546
1303,7.0,1,6.62,0.00108145026024431
1304,6.0,2,6.56,0.00891078170388937
1305,8.0,1,6.56,0.006367702502757311
1306,3.0,2,6.5,0.02331211417913437
1307,4.0,2,6.5,0.002717317081987858
1308,9.0,1,6.56,0.018002530559897423
1309,5.0,2,6.5,0.010562018491327763
1310,4.0,2,6.5,0.03148666024208069
1311,6.0,1,6.54,0.006231262348592281
1312,4.0,1,6.52,0.006805428769439459
1313,8.0,1,6.6,0.0005702858907170594
1314,5.0,1,6.6,0.010016221553087234
1315,5.0,1,6.56,0.0008273043786175549
1316,6.0,2,6.56,0.006293963640928268
1317,6.0,2,6.58,0.0018524565966799855
1318,7.0,2,6.56,0.01906731352210045
1319,7.0,2,6.5,-0.010968921706080437
1320,5.0,2,6.48,0.001901065930724144
1321,6.0,2,6.48,0.002184739336371422
1322,6.0,1,6.46,0.0005640163435600698
1323,6.0,1,6.42,0.014915530569851398
1324,6.0,2,6.34,0.03257375955581665
1325,4.0,1,6.26,0.015322023071348667
1326,7.0,1,6.22,0.013988371007144451
1327,4.0,1,6.14,0.004878875333815813
1328,8.0,1,6.12,0.017578016966581345
1329,4.0,2,6.06,-0.003255014307796955
1330,9.0,1,6.1,0.010793469846248627
1331,4.0,2,6.08,0.0025241016410291195
1332,5.0,1,6.0,0.0014965443406254053
1333,10.0,1,6.08,0.004531133454293013
1334,5.0,1,6.06,0.011456174775958061
1335,8.0,1,6.12,0.009270498529076576
1336,6.0,1,6.14,0.011542278341948986
1337,6.0,2,6.12,0.01567644067108631
1338,6.0,1,6.14,0.005911562126129866
1339,5.0,1,6.14,0.003863377496600151
1340,7.0,2,6.12,-0.0011280905455350876
1341,7.0,1,6.14,0.03514391928911209
1342,3.0,1,6.08,0.0015179243637248874
1343,7.0,2,6.14,0.002711325651034713
1344,8.0,1,6.18,0.0011407190468162298
1345,7.0,1,6.16,0.0040817344561219215
1346,8.0,1,6.18,0.000619048485532403
1347,10.0,1,6.24,0.027784058824181557
1348,5.0,2,6.16,0.03297784924507141
1349,8.0,2,6.18,0.020983783528208733
1350,10.0,2,6.26,0.0026789652183651924
1351,6.0,2,6.22,0.005054839886724949
1352,4.0,1,6.2,0.0009534544078633189
1353,6.0,1,6.18,0.012622245587408543
1354,10.0,2,6.26,0.040727969259023666
1355,6.0,2,6.22,0.006663974840193987
1356,10.0,2,6.36,0.022489864379167557
1357,8.0,2,6.44,-0.001221825834363699
1358,9.0,2,6.44,0.002717645140364766
1359,10.0,2,6.54,0.01883913204073906
1360,8.0,1,6.62,0.014853703789412975
1361,4.0,1,6.58,0.038489386439323425
1362,7.0,2,6.64,0.05120556056499481
1363,6.0,1,6.6,0.010654193349182606
1364,10.0,1,6.7,0.0060699814930558205
1365,8.0,2,6.76,-0.026938486844301224
1366,7.0,1,6.78,0.0005795816541649401
1367,10.0,1,6.86,0.00038523925468325615
1368,5.0,1,6.82,0.010332317091524601
1369,4.0,1,6.76,0.004656162578612566
1370,4.0,2,6.74,0.0033259326592087746
1371,6.0,1,6.74,0.02710176818072796
1372,10.0,2,6.82,0.019441857933998108
1373,7.0,1,6.84,0.0099159711971879
1374,4.0,2,6.8,0.03305986896157265
1375,5.0,2,6.82,-0.005205444060266018
1376,5.0,1,6.78,0.0037442748434841633
1377,10.0,2,6.9,-0.062287282198667526
1378,7.0,1,6.88,0.0010445996886119246
1379,8.0,1,6.96,0.004065658897161484
1380,7.0,2,6.92,0.13246193528175354
1381,4.0,2,6.92,0.0023578256368637085
1382,7.0,2,6.96,0.007669028826057911
1383,6.0,2,6.88,0.002565523376688361
1384,4.0,1,6.86,0.012837143614888191
1385,5.0,2,6.8,0.01498764380812645
1386,6.0,1,6.8,0.014579002745449543
1387,7.0,1,6.82,0.003561566583812237
1388,5.0,2,6.8,0.002121641766279936
1389,9.0,1,6.88,0.01886652782559395
1390,5.0,2,6.84,0.03188499063253403
1391,4.0,1,6.78,0.0056542507372796535
1392,10.0,2,6.92,-0.12645837664604187
1393,5.0,2,6.88,0.004450641572475433
1394,5.0,1,6.82,0.003898401279002428
1395,5.0,1,6.78,0.0011993467342108488
1396,7.0,1,6.76,0.004826738033443689
1397,10.0,1,6.76,0.03707694634795189
1398,10.0,2,6.86,0.005624775774776936
1399,5.0,1,6.8,0.000951833906583488
1400,4.0,2,6.68,0.0051124440506100655
1401,5.0,2,6.66,-0.013557317666709423
1402,8.0,2,6.74,0.00499645434319973
1403,10.0,2,6.82,0.21953895688056946
1404,10.0,1,6.82,0.0007540156366303563
1405,6.0,1,6.82,0.004978575743734837
1406,8.0,1,6.78,0.0027095975819975138
1407,8.0,1,6.78,0.002721088705584407
1408,4.0,2,6.68,0.005984353832900524
1409,4.0,2,6.56,-0.012148170731961727
1410,9.0,2,6.58,0.001618552254512906
1411,6.0,1,6.62,0.016567260026931763
1412,10.0,1,6.68,0.0009292809991165996
1413,10.0,2,6.76,0.003522475715726614
1414,8.0,1,6.72,0.002916257595643401
1415,10.0,1,6.76,0.016757190227508545
1416,7.0,1,6.76,0.01923014223575592
1417,5.0,1,6.66,0.018031245097517967
1418,6.0,1,6.68,0.018347466364502907
1419,8.0,2,6.76,0.0029068458825349808
1420,6.0,2,6.8,0.004479197785258293
1421,5.0,2,6.78,0.07192200422286987
1422,7.0,2,6.72,0.005507244728505611
1423,10.0,1,6.78,0.001830891938880086
1424,7.0,1,6.84,0.01602701097726822
1425,5.0,1,6.84,0.01572372578084469
1426,7.0,1,6.88,0.0008759584161452949
1427,4.0,2,6.76,0.004816744476556778
1428,8.0,2,6.78,0.00413583405315876
1429,9.0,2,6.8,0.08051938563585281
1430,5.0,2,6.76,0.0055895159021019936
1431,4.0,2,6.76,0.09937531501054764
1432,5.0,2,6.72,0.005033759865909815
1433,6.0,2,6.72,0.0064501771703362465
1434,5.0,1,6.74,0.003776517463847995
1435,8.0,2,6.8,0.13005423545837402
1436,4.0,1,6.76,0.01146490778774023
1437,10.0,2,6.82,0.0027477461844682693
1438,10.0,1,6.92,0.015162093564867973
1439,10.0,1,6.94,0.0011947295861318707
1440,10.0,1,7.04,0.0010744836181402206
1441,4.0,1,7.04,0.04318918287754059
1442,7.0,1,6.98,0.03718090057373047
1443,8.0,1,7.04,0.013905329629778862
1444,4.0,2,7.02,0.08875563740730286
1445,5.0,2,7.02,0.002066751942038536
1446,6.0,1,7.0,0.005021329503506422
1447,6.0,1,6.92,0.004923063330352306
1448,7.0,1,6.86,0.004373237024992704
1449,8.0,1,6.92,0.0016457748133689165
1450,4.0,1,6.92,0.03910120576620102
1451,10.0,2,7.02,0.005716379731893539
1452,10.0,1,7.06,0.0014444409171119332
1453,10.0,1,7.06,0.005732715595513582
1454,10.0,2,7.06,0.0027338028885424137
1455,8.0,1,7.1,0.0008923840359784663
1456,4.0,1,7.02,0.032019589096307755
1457,9.0,1,7.04,0.004290631040930748
1458,7.0,2,7.1,0.010188659653067589
1459,10.0,1,7.22,0.0013565672561526299
1460,5.0,1,7.14,0.012068400159478188
1461,5.0,1,7.12,0.010140577331185341
1462,7.0,2,7.06,0.010210772976279259
1463,7.0,2,7.0,0.009188320487737656
1464,5.0,2,6.94,0.0038154469802975655
1465,8.0,2,6.9,0.005994764156639576
1466,8.0,3,6.92,-0.1307319700717926
1467,10.0,2,7.02,-0.022202353924512863
1468,8.0,2,7.06,0.0033083008602261543
1469,6.0,1,7.02,0.002216705586761236
1470,6.0,1,7.02,0.005703050177544355
1471,7.0,1,7.06,0.012574519962072372
1472,4.0,2,7.0,0.002561032772064209
1473,7.0,1,6.94,0.0017171978252008557
1474,7.0,2,6.94,0.003333260538056493
1475,10.0,1,7.04,0.0015798858366906643
1476,9.0,2,7.08,0.20376670360565186
1477,4.0,2,7.08,-0.0057744840160012245
1478,10.0,1,7.12,0.005116222891956568
1479,10.0,1,7.14,0.0015710776206105947
1480,6.0,2,7.16,0.0690874308347702
1481,4.0,1,7.16,0.027201371267437935
1482,8.0,2,7.22,0.007905187085270882
1483,10.0,2,7.3,0.01380669604986906
1484,7.0,1,7.34,0.004144482314586639
1485,7.0,2,7.32,0.003312300192192197
1486,6.0,1,7.36,0.02678067609667778
1487,5.0,1,7.26,0.0010963622480630875
1488,4.0,1,7.14,0.006484286859631538
1489,6.0,1,7.06,0.0012794439680874348
1490,6.0,1,6.98,0.0014720783801749349
1491,7.0,2,7.04,0.006013576406985521
1492,7.0,1,7.04,0.034725435078144073
1493,5.0,2,6.98,0.002213910920545459
1494,4.0,2,6.98,0.10065121203660965
1495,3.0,1,6.94,0.007276260759681463
1496,5.0,2,6.92,0.040844060480594635
1497,7.0,2,6.94,-0.05738444626331329
1498,4.0,1,6.88,0.002141278237104416
1499,6.0,1,6.84,0.0020340927876532078
1500,7.0,1,6.9,0.0019099776400253177
1501,10.0,2,6.9,0.11775114387273788
1502,10.0,1,6.9,0.0031559865456074476
1503,6.0,2,6.82,0.07445061206817627
1504,10.0,1,6.82,0.07430271059274673
1505,7.0,2,6.8,-0.02530006878077984
1506,10.0,2,6.92,0.004433514550328255
1507,7.0,1,6.88,0.04629763960838318
1508,8.0,1,6.9,0.018601715564727783
1509,4.0,1,6.78,0.0067944517359137535
1510,4.0,2,6.76,-0.011836960911750793
1511,4.0,1,6.74,0.013410836458206177
1512,4.0,1,6.68,0.0041574700735509396
1513,5.0,1,6.64,0.006380010861903429
1514,6.0,1,6.66,0.016083121299743652
1515,5.0,1,6.6,0.0028188657015562057
1516,4.0,2,6.52,0.16418135166168213
1517,6.0,1,6.44,0.00278683565557003
1518,8.0,2,6.44,-0.12389799952507019
1519,10.0,2,6.52,0.09780475497245789
1520,10.0,2,6.6,-0.06642155349254608
1521,8.0,1,6.62,0.004249438643455505
1522,5.0,1,6.64,0.002266903407871723
1523,5.0,2,6.6,-0.06653683632612228
1524,6.0,2,6.58,-0.08269878476858139
1525,4.0,2,6.46,0.005806206725537777
1526,10.0,1,6.48,0.002080760197713971
1527,8.0,1,6.56,0.0030380107928067446
1528,4.0,2,6.44,0.05460522323846817
1529,7.0,1,6.38,0.0032710768282413483
1530,6.0,1,6.38,0.0042906254529953
1531,6.0,1,6.42,0.0037442806642502546
1532,8.0,1,6.42,0.001780059770680964
1533,8.0,2,6.38,0.18461963534355164
1534,6.0,2,6.36,0.005704510025680065
1535,5.0,2,6.32,0.05596426874399185
1536,10.0,1,6.4,0.026245160028338432
1537,7.0,2,6.44,-0.12337011098861694
1538,7.0,2,6.5,0.07545590400695801
1539,6.0,1,6.5,0.0014550595078617334
1540,9.0,1,6.56,0.0015591814881190658
1541,4.0,2,6.5,0.009596530348062515
1542,8.0,2,6.52,0.0058333720080554485
1543,6.0,1,6.54,0.002111756009981036
1544,10.0,1,6.66,0.0019399920711293817
1545,9.0,1,6.78,0.0017218749271705747
1546,4.0,2,6.76,0.018234752118587494
1547,7.0,1,6.76,0.0023168246261775494
1548,7.0,2,6.82,0.0032702467869967222
1549,4.0,1,6.78,0.013696668669581413
1550,8.0,2,6.8,-0.004031060263514519
1551,5.0,1,6.7,0.019497478380799294
1552,8.0,1,6.66,0.014968342147767544
1553,4.0,1,6.62,0.0028781413566321135
1554,7.0,1,6.56,0.005855238996446133
1555,10.0,2,6.62,-0.08138729631900787
1556,6.0,2,6.54,0.004739703610539436
1557,6.0,1,6.52,0.004498556721955538
1558,8.0,1,6.52,0.01464831829071045
1559,10.0,2,6.64,0.003364967182278633
1560,10.0,2,6.76,-0.010194194503128529
1561,5.0,1,6.78,0.0021838857792317867
1562,8.0,2,6.86,-0.020498670637607574
1563,5.0,1,6.86,0.0031851734966039658
1564,7.0,1,6.88,0.023637115955352783
1565,5.0,2,6.88,0.003923648968338966
1566,4.0,1,6.88,0.024406684562563896
1567,8.0,2,6.92,-0.03407459706068039
1568,6.0,1,6.88,0.006037281826138496
1569,5.0,2,6.78,-0.05781611055135727
1570,5.0,1,6.68,0.013882485218346119
1571,8.0,1,6.68,0.0012851821957156062
1572,5.0,2,6.68,0.01124955527484417
1573,10.0,1,6.78,0.017208360135555267
1574,8.0,2,6.82,0.07911281287670135
1575,10.0,2,6.94,0.0019643243867903948
1576,10.0,2,6.94,0.0023895015474408865
1577,8.0,1,6.94,0.0009025666513480246
1578,10.0,1,7.06,0.0007838599849492311
1579,10.0,1,7.12,0.0008657424477860332
1580,5.0,2,7.1,0.007424458395689726
1581,6.0,2,7.1,0.0021510496735572815
1582,5.0,2,7.04,0.007118598558008671
1583,5.0,1,6.98,0.005591231863945723
1584,4.0,1,6.94,0.0043498920276761055
1585,8.0,2,7.0,0.0026088878512382507
1586,5.0,1,6.9,0.001234856783412397
1587,6.0,1,6.88,0.003587279934436083
1588,8.0,2,6.9,0.007903749123215675
1589,4.0,1,6.86,0.0012725471751764417
1590,4.0,1,6.76,0.001392056350596249
1591,10.0,1,6.88,0.0018560219323262572
1592,5.0,1,6.82,0.013378226198256016
1593,10.0,1,6.9,0.0007867584936320782
1594,10.0,1,6.9,0.0006853771628811955
1595,6.0,1,6.84,0.003637881251052022
1596,5.0,2,6.86,-0.010068699717521667
1597,8.0,2,6.88,-0.044636938720941544
1598,5.0,1,6.84,0.011338261887431145
1599,5.0,1,6.86,0.00461904052644968
1600,5.0,1,6.8,0.004736467730253935
1601,5.0,1,6.8,0.0031978925690054893
1602,5.0,2,6.74,0.008573943749070168
1603,5.0,1,6.76,0.002402153331786394
1604,5.0,1,6.72,0.017828773707151413
1605,10.0,1,6.72,0.000759266025852412
1606,5.0,2,6.7,-0.03146769851446152
1607,5.0,1,6.68,0.0013248600298538804
1608,4.0,2,6.6,0.005411894991993904
1609,5.0,1,6.5,0.0027838312089443207
1610,10.0,1,6.5,0.0006657423218712211
1611,7.0,1,6.54,0.0020360825583338737
1612,7.0,1,6.52,0.0009775330545380712
1613,4.0,2,6.5,0.04192595183849335
1614,5.0,1,6.46,0.004554261919111013
1615,6.0,2,6.48,0.1552644968032837
1616,7.0,2,6.54,-0.03836960345506668
1617,3.0,1,6.44,0.024202680215239525
1618,6.0,1,6.44,0.0023828959092497826
1619,4.0,2,6.42,-0.02532046288251877
1620,5.0,2,6.42,0.0029779691249132156
1621,10.0,1,6.46,0.0008022431284189224
1622,4.0,1,6.44,0.02054659090936184
1623,5.0,2,6.34,0.0025257524102926254
1624,7.0,2,6.32,0.19120632112026215
1625,9.0,1,6.3,0.0016067137476056814
1626,10.0,2,6.3,0.002724149264395237
1627,6.0,2,6.26,0.1312098503112793
1628,10.0,2,6.26,-0.12767063081264496
1629,10.0,2,6.26,0.0024373759515583515
1630,6.0,2,6.28,0.00394698791205883
1631,4.0,1,6.24,0.0020750793628394604
1632,10.0,2,6.34,-0.11839558184146881
1633,6.0,1,6.36,0.00359499198384583
1634,10.0,2,6.48,0.008747762069106102
1635,5.0,1,6.42,0.001856043003499508
1636,5.0,1,6.42,0.0022547212429344654
1637,5.0,1,6.4,0.0012813583016395569
1638,5.0,1,6.34,0.002881234511733055
1639,5.0,1,6.36,0.0016492431750521064
1640,6.0,2,6.4,0.003205500077456236
1641,5.0,2,6.3,0.010511016473174095
1642,4.0,1,6.28,0.002477289643138647
1643,6.0,2,6.2,0.00239902688190341
1644,6.0,1,6.12,0.0010112939635291696
1645,9.0,2,6.18,0.0034609586000442505
1646,6.0,1,6.2,0.0017309733666479588
1647,7.0,1,6.18,0.004098979756236076
1648,5.0,2,6.18,0.009346072562038898
1649,6.0,2,6.2,0.002810999285429716
1650,4.0,1,6.18,0.016280995681881905
1651,10.0,1,6.28,0.0005858471849933267
1652,5.0,1,6.28,0.015409919433295727
1653,4.0,1,6.26,0.0010164750274270773
1654,6.0,1,6.28,0.0036777907516807318
1655,10.0,2,6.28,0.006780440919101238
1656,7.0,1,6.32,0.002046139445155859
1657,7.0,2,6.36,0.007188735995441675
1658,5.0,2,6.38,0.004650817718356848
1659,5.0,1,6.38,0.0036951403599232435
1660,6.0,2,6.3,0.0020229227375239134
1661,10.0,2,6.36,0.0055761272087693214
1662,7.0,1,6.36,0.0014477989170700312
1663,7.0,1,6.42,0.0027563502080738544
1664,6.0,1,6.44,0.004666595254093409
1665,8.0,2,6.48,0.08533304929733276
1666,6.0,2,6.46,0.0025197803042829037
1667,5.0,2,6.5,0.05792355537414551
1668,6.0,1,6.5,0.003422920359298587
1669,6.0,1,6.54,0.002677484415471554
1670,6.0,1,6.56,0.004393674433231354
1671,6.0,2,6.48,0.009311339817941189
1672,7.0,2,6.54,-0.029391150921583176
1673,4.0,1,6.52,0.002779227215796709
1674,5.0,2,6.48,0.008713822811841965
1675,6.0,2,6.42,0.008718143217265606
1676,5.0,2,6.32,-0.017442725598812103
1677,7.0,2,6.34,0.004284318070858717
1678,7.0,2,6.28,0.0016429994720965624
1679,4.0,2,6.16,0.0032837032340466976
1680,4.0,2,6.12,0.005329541862010956
1681,9.0,1,6.22,0.037024904042482376
1682,5.0,1,6.12,0.0009676141780801117
1683,7.0,1,6.14,0.0022934942971915007
1684,5.0,1,6.04,0.0008951160707511008
1685,5.0,1,6.04,0.001093983300961554
1686,5.0,2,6.04,0.05259544402360916
1687,5.0,2,6.04,0.15871305763721466
1688,10.0,2,6.14,0.004902171902358532
1689,6.0,1,6.16,0.0008909025345928967
1690,9.0,2,6.22,0.005629786290228367
1691,6.0,1,6.24,0.0007273080991581082
1692,10.0,2,6.36,0.004242946393787861
1693,4.0,1,6.32,0.004078403115272522
1694,6.0,2,6.32,0.0016115312464535236
1695,8.0,2,6.3,0.005192367359995842
1696,6.0,2,6.3,0.0020841979421675205
1697,6.0,1,6.28,0.0008452643523924053
1698,5.0,1,6.28,0.004572726786136627
1699,10.0,2,6.36,0.004706858657300472
1700,10.0,2,6.48,0.001681601395830512
1701,8.0,1,6.44,0.001798425568267703
1702,10.0,1,6.54,0.0021515609696507454
1703,6.0,2,6.58,0.08160866051912308
1704,10.0,2,6.66,0.0018014227971434593
1705,4.0,1,6.54,0.0019439413445070386
1706,6.0,2,6.52,-0.07029373943805695
1707,8.0,2,6.54,0.0021227053366601467
1708,10.0,2,6.64,0.004247131757438183
1709,10.0,2,6.74,0.003994054161012173
1710,4.0,1,6.7,0.002893380355089903
1711,5.0,1,6.6,0.019923852756619453
1712,10.0,2,6.66,-0.11092063784599304
1713,8.0,1,6.68,0.0005571791552938521
1714,8.0,2,6.72,0.004486676771193743
1715,5.0,2,6.66,-0.07865069806575775
1716,8.0,1,6.7,0.0024838712997734547
1717,5.0,2,6.7,0.0017316285520792007
1718,10.0,1,6.78,0.0004549295117612928
1719,7.0,1,6.8,0.02464643493294716
1720,10.0,2,6.88,0.004318698775023222
1721,8.0,2,6.92,0.0021453704684972763
1722,10.0,2,6.98,0.0026965774595737457
1723,5.0,2,7.0,-0.11482864618301392
1724,6.0,2,7.02,0.005362261086702347
1725,6.0,2,7.02,0.004122281447052956
1726,6.0,1,7.04,0.00222745887003839
1727,6.0,2,7.02,-0.07779393345117569
1728,7.0,2,7.02,0.003733391407877207
1729,6.0,1,7.06,0.0006272586761042476
1730,8.0,1,7.14,0.0013061336940154433
1731,8.0,1,7.12,0.0011661294847726822
1732,10.0,2,7.22,0.0011349437991157174
1733,4.0,1,7.16,0.0015541360480710864
1734,6.0,2,7.18,0.0015245487447828054
1735,4.0,2,7.16,0.005343534052371979
1736,10.0,1,7.26,0.00042363462853245437
1737,5.0,2,7.26,0.0032665468752384186
1738,5.0,2,7.16,0.0019415789283812046
1739,5.0,2,7.14,0.0022288986947387457
1740,5.0,1,7.06,0.0010353840189054608
1741,4.0,1,7.02,0.0014124758308753371
1742,8.0,2,6.98,0.001301692915149033
1743,6.0,2,7.02,0.0033426727168262005
1744,7.0,2,7.04,0.0024292082525789738
1745,8.0,2,7.04,0.0023681644815951586
1746,4.0,1,7.0,0.0016491352580487728
1747,10.0,2,7.08,0.0011546266032382846
1748,5.0,1,7.08,0.0021782054100185633
1749,5.0,1,6.98,0.022735638543963432
1750,5.0,2,6.88,0.0017014574259519577
1751,4.0,1,6.8,0.0014018475776538253
1752,5.0,2,6.7,0.005057868547737598
1753,6.0,1,6.7,0.0006268284050747752
1754,7.0,2,6.64,0.0027528093196451664
1755,7.0,1,6.7,0.0005378177738748491
1756,10.0,2,6.78,0.0019058312755078077
1757,6.0,1,6.74,0.001052302774041891
1758,8.0,2,6.7,0.002010541269555688
1759,8.0,2,6.66,0.002331510651856661
1760,8.0,2,6.74,0.003503166139125824
1761,8.0,2,6.8,0.0034636622294783592
1762,8.0,1,6.76,0.0006779227405786514
1763,10.0,1,6.8,0.0004285958711989224
1764,7.0,1,6.78,0.0014646321069449186
1765,7.0,1,6.82,0.0005237786681391299
1766,3.0,2,6.72,0.06020807474851608
1767,4.0,2,6.7,0.0028711645863950253
1768,4.0,1,6.58,0.0007322119199670851
1769,5.0,1,6.54,0.0006986423395574093
1770,7.0,1,6.48,0.0007220714469440281
1771,8.0,2,6.48,0.0021946062333881855
1772,7.0,2,6.42,0.001738174119964242
1773,6.0,1,6.44,0.0011236367281526327
1774,7.0,2,6.46,0.001429081428796053
1775,10.0,1,6.54,0.0004295438411645591
1776,9.0,2,6.6,0.001817404991015792
1777,4.0,2,6.56,0.002709840890020132
1778,6.0,1,6.54,0.0011532818898558617
1779,4.0,2,6.5,0.0017520192777737975
1780,8.0,1,6.5,0.0006269355653785169
1781,10.0,2,6.54,0.0008645707275718451
1782,8.0,2,6.5,0.13359779119491577
1783,5.0,1,6.52,0.0007484359084628522
1784,5.0,1,6.5,0.001267038518562913
1785,8.0,2,6.58,-0.12892454862594604
1786,6.0,1,6.5,0.0012303843395784497
1787,9.0,1,6.58,0.000451116036856547
1788,4.0,1,6.56,0.0009625300299376249
1789,4.0,1,6.54,0.0016891190316528082
1790,8.0,2,6.6,0.0017692940309643745
1791,5.0,1,6.62,0.001167507842183113
1792,7.0,2,6.6,0.0014991945354267955
1793,6.0,2,6.6,0.0022054114378988743
1794,7.0,2,6.6,0.003103638533502817
1795,5.0,2,6.54,0.0027703442610800266
1796,4.0,1,6.54,0.0009150124969892204
1797,4.0,1,6.42,0.00147395976819098
1798,4.0,2,6.4,0.001929067657329142
1799,10.0,2,6.5,0.002078816993162036
1800,6.0,1,6.52,0.0005247047520242631
1801,8.0,2,6.6,0.12443505227565765
1802,7.0,1,6.64,0.0007099162903614342
1803,8.0,1,6.68,0.00071427330840379
1804,9.0,1,6.72,0.00034271515323780477
1805,8.0,2,6.74,0.20885945856571198
1806,7.0,2,6.68,-0.09825699031352997
1807,10.0,1,6.76,0.0005912990309298038
1808,4.0,2,6.68,0.0020041109528392553
1809,5.0,2,6.62,0.0022626398131251335
1810,10.0,1,6.66,0.00040379195706918836
1811,5.0,1,6.6,0.0007538776844739914
1812,3.0,1,6.5,0.0013153052423149347
1813,6.0,1,6.42,0.0010818352457135916
1814,10.0,1,6.48,0.0005792090087197721
1815,7.0,1,6.48,0.042724668979644775
1816,10.0,2,6.62,0.0022174459882080555
1817,6.0,2,6.66,-0.061796486377716064
1818,10.0,1,6.78,0.001150798867456615
1819,10.0,2,6.88,0.0009002096485346556
1820,5.0,1,6.84,0.0245813075453043
1821,6.0,1,6.8,0.027760203927755356
1822,8.0,1,6.82,0.0004576748760882765
1823,7.0,2,6.84,0.0011530854972079396
1824,8.0,2,6.86,0.0008220640011131763
1825,8.0,1,6.82,0.0010002569761127234
1826,6.0,1,6.76,0.0012311647878959775
1827,10.0,2,6.88,0.0007782012689858675
1828,8.0,2,6.92,0.001909731887280941
1829,9.0,1,7.02,0.00033706019166857004
1830,8.0,2,7.02,0.0025406167842447758
1831,10.0,1,7.02,0.0008076124358922243
1832,9.0,2,7.04,0.0006049953517504036
1833,5.0,1,7.04,0.0006164492224343121
1834,5.0,1,7.04,0.0006408112240023911
1835,8.0,2,7.04,0.0014800169738009572
1836,5.0,1,7.02,0.0006482558674179018
1837,4.0,1,6.92,0.0008961274870671332
1838,5.0,2,6.94,0.0012481380254030228
1839,8.0,2,7.02,0.0011544151930138469
1840,6.0,1,6.98,0.0005752560100518167
1841,6.0,2,7.0,0.00235724076628685
1842,5.0,2,6.96,0.001672619255259633
1843,8.0,1,7.0,0.04532577842473984
1844,10.0,2,7.06,0.0008053005440160632
1845,5.0,2,7.06,0.07426534593105316
1846,9.0,2,7.16,0.0013150889426469803
1847,5.0,1,7.18,0.0006723797414451838
1848,6.0,2,7.22,0.0010229505132883787
1849,6.0,2,7.14,0.18359634280204773
1850,5.0,2,7.12,0.003018876537680626
1851,8.0,1,7.12,0.0007859636680223048
1852,8.0,2,7.14,0.0009291910682804883
1853,8.0,2,7.14,0.000720916548743844
1854,6.0,2,7.08,0.0023520905524492264
1855,5.0,1,7.02,0.001049855607561767
1856,6.0,2,7.0,0.003591046668589115
1857,8.0,1,6.96,0.0009397619869560003
1858,6.0,1,7.0,0.0006824465817771852
1859,8.0,1,7.06,0.00031067279633134604
1860,5.0,2,6.96,0.10845806449651718
1861,9.0,1,7.04,0.00022768437338527292
1862,9.0,1,7.16,0.0005005003185942769
1863,5.0,1,7.14,0.0018916892586275935
1864,4.0,1,7.02,0.0008761156932450831
1865,8.0,1,7.04,0.000905849039554596
1866,7.0,2,6.98,0.001838839496485889
1867,10.0,1,7.06,0.00015030827489681542
1868,10.0,2,7.06,0.1794026643037796
1869,8.0,2,7.02,0.004456358961760998
1870,8.0,1,7.08,0.001352480030618608
1871,10.0,2,7.16,0.003204124514013529
1872,6.0,2,7.12,0.0014560415875166655
1873,5.0,2,7.08,0.003968377597630024
1874,6.0,2,7.04,0.0012066720519214869
1875,4.0,2,6.96,0.002024602610617876
1876,10.0,2,7.04,0.003351549617946148
1877,7.0,2,6.98,0.0018222713842988014
1878,8.0,2,6.98,0.0008021251414902508
1879,4.0,1,6.88,0.0009577227174304426
1880,7.0,2,6.86,0.012711945921182632
1881,4.0,1,6.74,0.0010770037770271301
1882,9.0,2,6.74,0.0014613340608775616
1883,5.0,2,6.74,0.0015933632384985685
1884,5.0,2,6.74,0.0018335991771891713
1885,6.0,2,6.7,0.11287420988082886
1886,6.0,2,6.72,0.00516635924577713
1887,6.0,1,6.76,0.0004919079947285354
1888,8.0,1,6.82,0.0006470540538430214
1889,10.0,2,6.86,0.004194516688585281
1890,4.0,1,6.82,0.0008653980912640691
1891,4.0,1,6.78,0.035413894802331924
1892,10.0,2,6.88,0.000419063784647733
1893,8.0,2,6.88,0.0007045349921099842
1894,8.0,2,6.84,0.0010376254795119166
1895,5.0,2,6.84,0.0013117797207087278
1896,5.0,1,6.76,0.0006032326491549611
1897,10.0,1,6.86,0.0014527729945257306
1898,4.0,1,6.82,0.0007464796071872115
1899,8.0,2,6.86,0.004371450282633305
1900,5.0,1,6.86,0.0016243127174675465
1901,10.0,1,6.9,0.0001164519926533103
1902,5.0,2,6.84,0.0018162628402933478
1903,8.0,2,6.84,0.20006437599658966
1904,5.0,1,6.82,0.002907066373154521
1905,9.0,1,6.9,0.0014879096997901797
1906,10.0,1,6.98,0.0001283077144762501
1907,4.0,2,6.9,0.0020806200336664915
1908,4.0,1,6.86,0.001585459103807807
1909,5.0,1,6.8,0.0006690491572953761
1910,7.0,2,6.84,0.0011027471628040075
1911,5.0,1,6.76,0.00133735581766814
1912,10.0,1,6.78,0.0010859168833121657
1913,6.0,1,6.8,0.0023817475885152817
1914,5.0,2,6.82,0.0019393471302464604
1915,8.0,2,6.82,0.003970088437199593
1916,8.0,2,6.84,-0.10291523486375809
1917,5.0,2,6.74,0.005148989614099264
1918,5.0,2,6.64,-0.05908386409282684
1919,7.0,2,6.62,0.003955800086259842
1920,5.0,2,6.56,0.0016641633119434118
1921,6.0,2,6.48,0.001756242592819035
1922,5.0,1,6.46,0.0009320352110080421
1923,6.0,2,6.48,0.002078625373542309
1924,4.0,1,6.44,0.04135309159755707
1925,7.0,1,6.5,0.0006575848674401641
1926,8.0,2,6.46,0.003177884966135025
1927,4.0,1,6.4,0.0010907800169661641
1928,10.0,2,6.44,0.011963125318288803
1929,5.0,2,6.46,0.09305240958929062
1930,8.0,1,6.48,0.0014134130906313658
1931,4.0,2,6.48,0.0019818847067654133
1932,9.0,2,6.48,0.0007755343103781343
1933,8.0,2,6.54,0.0007915865862742066
1934,5.0,2,6.54,0.0024545835331082344
1935,5.0,2,6.52,0.0019554398022592068
1936,8.0,2,6.56,0.005331054795533419
1937,9.0,1,6.62,0.0002065405569737777
1938,7.0,2,6.6,0.0032125930301845074
1939,4.0,1,6.48,0.0011329479748383164
1940,8.0,2,6.56,0.09827613085508347
1941,5.0,1,6.58,0.0010882350616157055
1942,6.0,2,6.5,0.06565099209547043
1943,7.0,2,6.48,0.0014295608270913363
1944,8.0,1,6.48,0.0002947287866845727
1945,7.0,2,6.52,-0.17615383863449097
1946,10.0,2,6.62,0.0042322371155023575
1947,9.0,1,6.6,0.0017470796592533588
1948,6.0,1,6.64,0.0007532443851232529
1949,4.0,2,6.56,0.0020244112238287926
1950,8.0,1,6.62,0.002177570480853319
1951,4.0,2,6.5,0.19287291169166565
1952,5.0,1,6.5,0.0031197010539472103
1953,10.0,2,6.54,0.0004900835920125246
1954,6.0,1,6.56,0.0032740847673267126
1955,10.0,2,6.58,-0.08787639439105988
1956,10.0,1,6.58,0.002924671396613121
1957,7.0,2,6.64,0.04069259762763977
1958,4.0,1,6.64,0.001150097930803895
1959,5.0,1,6.64,0.0008272010600194335
1960,4.0,1,6.58,0.0009897015988826752
1961,5.0,2,6.58,-0.012450047768652439
1962,5.0,2,6.48,0.0015407709870487452
1963,5.0,2,6.46,-0.06337077170610428
1964,6.0,1,6.48,0.0007423128699883819
1965,5.0,1,6.42,0.0008696437580510974
1966,8.0,1,6.42,0.00034761594724841416
1967,6.0,1,6.44,0.0004991565365344286
1968,10.0,1,6.54,0.0002102180296787992
1969,6.0,1,6.52,0.0004864108341280371
1970,6.0,2,6.54,0.009684424847364426
1971,10.0,2,6.62,0.0008331999997608364
1972,6.0,1,6.64,0.0006575969746336341
1973,4.0,2,6.6,-0.0006688563153147697
1974,6.0,1,6.64,0.011440821923315525
1975,7.0,1,6.64,0.00802867766469717
1976,10.0,1,6.68,0.000290992233203724
1977,8.0,2,6.76,0.03875076025724411
1978,10.0,1,6.76,0.01067329104989767
1979,8.0,1,6.82,0.004356177523732185
1980,5.0,1,6.76,0.0006106661166995764
1981,4.0,2,6.76,0.0018132876139134169
1982,10.0,2,6.78,-0.0069137271493673325
1983,6.0,2,6.74,0.0022044950164854527
1984,9.0,1,6.82,0.00028741449932567775
1985,8.0,1,6.88,0.00036915912642143667
1986,5.0,1,6.82,0.0009324538405053318
1987,10.0,1,6.84,0.009975132532417774
1988,5.0,1,6.8,0.0005304591613821685
1989,6.0,2,6.84,0.0015310375019907951
1990,10.0,1,6.88,0.0002995604882016778
1991,5.0,1,6.88,0.0009203918161801994
1992,6.0,2,6.88,0.02368270792067051
1993,7.0,1,6.88,0.000403411453589797
1994,8.0,2,6.88,0.0012639675987884402
1995,10.0,1,6.94,0.008006252348423004
1996,9.0,1,6.92,0.0001841282210079953
1997,5.0,1,6.84,0.0007615613867528737
1998,5.0,1,6.82,0.03616764768958092
1999,5.0,1,6.84,0.0006596790044568479
2000,4.0,2,6.76,0.014968314208090305
