episode,return,rolling_mean_reward
1,0.0,0.0
2,-0.01,-0.005
3,0.0,-0.0033333333333333335
4,0.0,-0.0025
5,0.0,-0.002
6,0.0,-0.0016666666666666668
7,17.0,2.427142857142857
8,6.0,2.87375
9,0.0,2.554444444444444
10,16.0,3.899
11,-0.02,3.5427272727272725
12,16.0,4.5808333333333335
13,-0.02,4.226923076923077
14,14.0,4.925
15,0.0,4.596666666666667
16,0.0,4.309375
17,16.0,4.997058823529412
18,-0.01,4.7188888888888885
19,-0.01,4.470000000000001
20,0.0,4.2465
21,-0.01,4.043809523809524
22,0.0,3.86
23,0.0,3.6921739130434785
24,0.0,3.5383333333333336
25,0.0,3.3968000000000003
26,7.0,3.5353846153846153
27,0.0,3.4044444444444446
28,0.0,3.282857142857143
29,19.0,3.824827586206897
30,0.0,3.6973333333333334
31,0.0,3.5780645161290323
32,0.0,3.46625
33,12.0,3.724848484848485
34,22.0,4.26235294117647
35,0.0,4.140571428571429
36,-0.01,4.025277777777777
37,0.0,3.9164864864864866
38,0.0,3.813421052631579
39,0.0,3.7156410256410255
40,15.0,3.99775
41,-0.02,3.8997560975609753
42,7.0,3.9735714285714283
43,-0.01,3.8809302325581396
44,0.0,3.7927272727272725
45,10.0,3.9306666666666668
46,0.0,3.845217391304348
47,0.0,3.763404255319149
48,19.0,4.0808333333333335
49,15.0,4.303673469387755
50,-0.01,4.2174000000000005
51,7.0,4.271960784313726
52,0.0,4.189807692307692
53,9.0,4.280566037735849
54,3.0,4.256851851851852
55,-0.02,4.179090909090909
56,0.0,4.104464285714285
57,-0.02,4.032105263157895
58,4.0,4.031551724137931
59,0.0,3.963220338983051
60,-0.01,3.897
61,0.0,3.8331147540983603
62,0.0,3.771290322580645
63,10.0,3.87015873015873
64,-0.02,3.809375
65,0.0,3.750769230769231
66,0.0,3.6939393939393943
67,0.0,3.638805970149254
68,0.0,3.585294117647059
69,0.0,3.5333333333333337
70,0.0,3.482857142857143
71,2.0,3.4619718309859158
72,0.0,3.413888888888889
73,0.0,3.367123287671233
74,-0.02,3.3213513513513515
75,0.0,3.277066666666667
76,0.0,3.2339473684210525
77,11.0,3.3348051948051944
78,0.0,3.2920512820512817
79,0.0,3.2503797468354425
80,0.0,3.2097499999999997
81,0.0,3.1701234567901233
82,0.0,3.131463414634146
83,6.0,3.166024096385542
84,17.99,3.3425
85,-0.01,3.303058823529412
86,14.0,3.427441860465116
87,0.0,3.3880459770114943
88,0.0,3.3495454545454546
89,0.0,3.3119101123595502
90,0.0,3.275111111111111
91,7.0,3.316043956043956
92,0.0,3.28
93,0.0,3.244731182795699
94,0.0,3.2102127659574466
95,-0.01,3.1763157894736844
96,0.0,3.1432291666666665
97,16.0,3.2757731958762886
98,7.99,3.3238775510204084
99,0.0,3.2903030303030305
100,-0.01,3.2573000000000003
101,0.0,3.2573000000000003
102,17.0,3.4274
103,0.0,3.4274
104,0.0,3.4274
105,0.0,3.4274
106,20.0,3.6274
107,0.0,3.4574000000000003
108,0.0,3.3974
109,17.0,3.5674
110,7.0,3.4774000000000003
111,0.0,3.4776
112,0.0,3.3176
113,8.98,3.4076
114,-0.01,3.2675
115,-0.01,3.2674000000000003
116,19.0,3.4574000000000003
117,-0.02,3.2972
118,4.0,3.3373000000000004
119,-0.01,3.3373000000000004
120,-0.01,3.3372
121,23.99,3.5771999999999995
122,10.0,3.6771999999999996
123,0.0,3.6771999999999996
124,0.0,3.6771999999999996
125,-0.01,3.6771
126,-0.01,3.6069999999999998
127,0.0,3.6069999999999998
128,-0.02,3.6068000000000002
129,0.0,3.4168000000000003
130,15.0,3.5668
131,0.0,3.5668
132,0.0,3.5668
133,11.0,3.5568
134,0.0,3.3368
135,0.0,3.3368
136,7.0,3.4069
137,-0.01,3.4068
138,22.99,3.6367000000000003
139,-0.01,3.6365999999999996
140,16.0,3.6466
141,0.0,3.6468000000000003
142,0.0,3.5768
143,0.0,3.5769
144,6.0,3.6369
145,0.0,3.5369
146,2.0,3.5569
147,-0.01,3.5568
148,15.0,3.5168
149,0.0,3.3668
150,0.0,3.3669
151,0.0,3.2969
152,0.0,3.2969
153,-0.01,3.2068
154,-0.01,3.1767000000000003
155,0.0,3.1769
156,-0.03,3.1765999999999996
157,19.99,3.3767
158,4.0,3.3767
159,0.0,3.3767
160,7.99,3.4567
161,13.0,3.5867
162,0.0,3.5867
163,10.0,3.5867
164,0.0,3.5869
165,0.0,3.5869
166,0.0,3.5869
167,-0.01,3.5868
168,0.0,3.5868
169,0.0,3.5868
170,12.0,3.7068
171,0.0,3.6868
172,-0.02,3.6866
173,13.0,3.8165999999999998
174,0.0,3.8168
175,-0.01,3.8167
176,-0.01,3.8165999999999998
177,0.0,3.7066
178,13.0,3.8366
179,0.0,3.8366
180,-0.01,3.8364999999999996
181,1.0,3.8465
182,15.0,3.9964999999999997
183,0.0,3.9364999999999997
184,4.99,3.8064999999999998
185,-0.01,3.8064999999999998
186,0.0,3.6664999999999996
187,17.0,3.8364999999999996
188,5.0,3.8865
189,-0.01,3.8864
190,10.0,3.9863999999999997
191,7.0,3.9863999999999997
192,3.0,4.0164
193,0.0,4.0164
194,2.0,4.0363999999999995
195,0.0,4.0365
196,15.0,4.1865
197,0.0,4.0264999999999995
198,0.0,3.9465999999999997
199,-0.02,3.9463999999999997
200,15.0,4.0965
201,-0.01,4.0964
202,0.0,3.9263999999999997
203,0.0,3.9263999999999997
204,0.0,3.9263999999999997
205,0.0,3.9263999999999997
206,0.0,3.7264
207,13.0,3.8564
208,11.0,3.9663999999999997
209,0.0,3.7963999999999998
210,-0.01,3.7263
211,-0.01,3.7262
212,0.0,3.7262
213,16.0,3.7963999999999998
214,0.0,3.7965
215,-0.01,3.7965
216,-0.03,3.6062
217,0.0,3.6064
218,-0.01,3.5663
219,-0.02,3.5662000000000003
220,17.0,3.7363
221,2.99,3.5263
222,0.0,3.4263
223,-0.01,3.4262
224,0.0,3.4262
225,0.0,3.4263
226,-0.02,3.4262
227,0.0,3.4262
228,0.0,3.4263999999999997
229,-0.01,3.4263
230,23.0,3.5063
231,0.0,3.5063
232,0.0,3.5063
233,9.0,3.4863
234,-0.01,3.4862
235,-0.01,3.4861
236,0.0,3.4161
237,0.0,3.4162
238,-0.02,3.1861
239,0.0,3.1862
240,-0.01,3.0261
241,13.0,3.1561000000000003
242,11.0,3.2661000000000002
243,-0.01,3.266
244,-0.02,3.2058
245,2.0,3.2258
246,-0.01,3.2056999999999998
247,13.0,3.3358
248,-0.02,3.1856
249,0.0,3.1856
250,0.0,3.1856
251,2.0,3.2056
252,10.0,3.3056
253,7.0,3.3757
254,0.0,3.3758
255,16.0,3.5358
256,0.0,3.5361000000000002
257,-0.01,3.3361
258,15.0,3.4461
259,0.0,3.4461
260,0.0,3.3662
261,22.0,3.4562
262,0.0,3.4562
263,20.0,3.5562
264,0.0,3.5562
265,0.0,3.5562
266,-0.01,3.5561000000000003
267,6.99,3.6261
268,0.0,3.6261
269,0.0,3.6261
270,0.0,3.5061
271,0.0,3.5061
272,5.0,3.5563
273,12.0,3.5463
274,0.0,3.5463
275,3.99,3.5863
276,0.0,3.5864
277,0.0,3.5864
278,0.0,3.4564
279,20.0,3.6563999999999997
280,0.0,3.6565
281,11.0,3.7565
282,-0.01,3.6064
283,16.0,3.7664
284,-0.02,3.7163
285,0.0,3.7163999999999997
286,0.0,3.7163999999999997
287,0.0,3.5463999999999998
288,-0.02,3.4962
289,4.0,3.5362999999999998
290,7.0,3.5063
291,22.0,3.6563
292,0.0,3.6263
293,0.0,3.6263
294,-0.01,3.6062
295,-0.01,3.6061
296,13.0,3.5861
297,-0.01,3.5860000000000003
298,0.0,3.5860000000000003
299,16.0,3.7462
300,-0.01,3.5961000000000003
301,0.0,3.5962
302,0.0,3.5962
303,0.0,3.5962
304,12.0,3.7162
305,16.0,3.8762
306,0.0,3.8762
307,14.0,3.8862
308,22.0,3.9962
309,8.0,4.0762
310,20.0,4.2763
311,4.0,4.3164
312,-0.02,4.3162
313,-0.02,4.156000000000001
314,7.0,4.226
315,20.0,4.4261
316,-0.02,4.4262
317,-0.01,4.4261
318,19.0,4.6162
319,0.0,4.6164
320,9.0,4.5363999999999995
321,0.0,4.5065
322,18.0,4.6865
323,0.0,4.6866
324,-0.01,4.6865
325,0.0,4.6865
326,0.0,4.6867
327,20.99,4.8966
328,11.97,5.0163
329,9.0,5.1064
330,0.0,4.8764
331,-0.02,4.8762
332,0.0,4.8762
333,8.0,4.8662
334,10.98,4.9761
335,0.0,4.9762
336,0.0,4.9762
337,10.0,5.0762
338,17.0,5.2463999999999995
339,0.0,5.2463999999999995
340,0.0,5.2465
341,14.0,5.2565
342,0.0,5.1465
343,20.0,5.3466
344,11.0,5.456799999999999
345,9.0,5.5268
346,12.0,5.6469000000000005
347,11.0,5.626900000000001
348,-0.01,5.627000000000001
349,5.99,5.6869000000000005
350,15.0,5.836900000000001
351,-0.02,5.8167
352,-0.01,5.7166
353,6.0,5.7066
354,9.99,5.8065
355,8.0,5.7265
356,15.0,5.8765
357,0.0,5.8766
358,20.0,5.9266
359,13.0,6.0565999999999995
360,5.0,6.106599999999999
361,-0.01,5.8865
362,0.0,5.8865
363,-0.01,5.6864
364,0.0,5.6864
365,0.0,5.6864
366,-0.01,5.6864
367,0.0,5.616499999999999
368,0.0,5.616499999999999
369,7.0,5.6865
370,7.0,5.7565
371,15.0,5.906499999999999
372,0.0,5.8565
373,-0.01,5.7364
374,14.98,5.8862
375,0.0,5.8463
376,4.99,5.8962
377,0.0,5.8962
378,0.0,5.8962
379,10.0,5.7962
380,3.0,5.8262
381,9.0,5.8062000000000005
382,0.0,5.8063
383,0.0,5.6463
384,0.0,5.6465
385,18.0,5.826499999999999
386,3.0,5.8565
387,0.0,5.8565
388,6.0,5.9167
389,10.0,5.976699999999999
390,-0.02,5.906499999999999
391,16.99,5.8564
392,14.0,5.9963999999999995
393,17.0,6.166399999999999
394,-0.02,6.1663
395,19.0,6.3564
396,0.0,6.2264
397,15.0,6.3765
398,0.0,6.3765
399,10.0,6.3165
400,8.0,6.396599999999999
401,0.0,6.396599999999999
402,-0.02,6.3964
403,1.0,6.4064
404,7.0,6.3564
405,-0.01,6.1963
406,12.0,6.3163
407,0.0,6.1763
408,0.0,5.9563
409,-0.01,5.8762
410,0.0,5.6762
411,0.0,5.6362
412,0.0,5.6364
413,15.0,5.7866
414,-0.01,5.7165
415,5.0,5.5665
416,14.0,5.7067
417,-0.01,5.7067
418,10.0,5.6167
419,9.0,5.7067
420,11.0,5.726699999999999
421,-0.01,5.7265999999999995
422,17.0,5.7166
423,9.0,5.8065999999999995
424,2.0,5.8267
425,5.99,5.8866
426,9.0,5.9765999999999995
427,0.0,5.766699999999999
428,0.0,5.647
429,-0.01,5.556900000000001
430,-0.01,5.556799999999999
431,6.99,5.626900000000001
432,-0.02,5.6267
433,-0.02,5.5465
434,-0.02,5.4365
435,0.0,5.4365
436,0.0,5.4365
437,15.0,5.4864999999999995
438,0.0,5.3165
439,13.0,5.4464999999999995
440,5.0,5.4965
441,19.0,5.5465
442,9.0,5.6365
443,-0.01,5.4364
444,0.0,5.3264
445,-0.01,5.2363
446,13.0,5.2463
447,4.98,5.1861
448,12.98,5.316
449,-0.03,5.255800000000001
450,6.0,5.165800000000001
451,-0.01,5.165900000000001
452,20.0,5.3660000000000005
453,0.0,5.306
454,0.0,5.2061
455,17.99,5.306
456,0.0,5.156000000000001
457,10.99,5.2659
458,17.0,5.2359
459,-0.01,5.1057999999999995
460,0.0,5.0558
461,15.0,5.205900000000001
462,10.0,5.3059
463,8.0,5.386
464,8.99,5.4759
465,0.0,5.4759
466,0.0,5.476
467,7.0,5.546
468,0.0,5.546
469,-0.02,5.4758000000000004
470,-0.01,5.4057
471,0.0,5.255700000000001
472,10.0,5.355700000000001
473,-0.04,5.3553999999999995
474,0.0,5.2056
475,13.0,5.3355999999999995
476,6.0,5.345700000000001
477,6.0,5.4057
478,0.0,5.4057
479,0.0,5.305700000000001
480,6.0,5.3357
481,0.0,5.2457
482,17.0,5.4157
483,19.0,5.605700000000001
484,6.99,5.675599999999999
485,0.0,5.4956
486,0.0,5.465599999999999
487,15.0,5.6156
488,2.0,5.5756
489,3.0,5.505599999999999
490,0.0,5.505800000000001
491,16.0,5.495900000000001
492,-0.01,5.3558
493,-0.03,5.185499999999999
494,0.0,5.185700000000001
495,-0.02,4.9955
496,-0.04,4.9951
497,13.0,4.9751
498,0.0,4.9751
499,-0.01,4.875
500,15.0,4.945
501,10.0,5.045
502,0.0,5.0451999999999995
503,14.0,5.1752
504,3.0,5.1352
505,-0.02,5.1350999999999996
506,-0.01,5.015
507,18.99,5.2049
508,-0.01,5.2048000000000005
509,-0.02,5.2047
510,14.0,5.3447000000000005
511,13.0,5.4747
512,0.0,5.4747
513,0.0,5.3247
514,8.0,5.4048
515,0.0,5.3548
516,17.0,5.3848
517,-0.01,5.3848
518,6.0,5.3448
519,24.0,5.494800000000001
520,8.0,5.4648
521,-0.01,5.4648
522,0.0,5.2948
523,19.0,5.3948
524,13.0,5.5048
525,-0.02,5.4447
526,6.0,5.4147
527,-0.02,5.4145
528,8.0,5.4945
529,24.0,5.7346
530,25.99,5.9946
531,2.0,5.9447
532,-0.01,5.9448
533,18.0,6.125
534,15.0,6.2752
535,0.0,6.2752
536,0.0,6.2752
537,13.0,6.255199999999999
538,0.0,6.255199999999999
539,8.98,6.215
540,0.0,6.165
541,0.0,5.975
542,0.0,5.885
543,0.0,5.8850999999999996
544,-0.03,5.8848
545,-0.01,5.8848
546,12.0,5.8748000000000005
547,0.0,5.825
548,6.0,5.755199999999999
549,10.0,5.855499999999999
550,0.0,5.7955
551,0.0,5.795599999999999
552,-0.02,5.5954
553,0.0,5.5954
554,11.0,5.7054
555,17.0,5.695499999999999
556,18.0,5.8755
557,0.0,5.765599999999999
558,19.0,5.7856
559,-0.01,5.7856
560,-0.01,5.7855
561,11.0,5.7455
562,17.0,5.815499999999999
563,7.0,5.805499999999999
564,0.0,5.715599999999999
565,-0.01,5.7155
566,-0.02,5.7153
567,10.98,5.7551
568,14.0,5.8951
569,9.0,5.9853
570,8.0,6.0653999999999995
571,-0.03,6.0651
572,21.0,6.1751
573,10.0,6.275499999999999
574,0.0,6.275499999999999
575,5.0,6.195499999999999
576,4.0,6.1754999999999995
577,-0.02,6.1152999999999995
578,15.0,6.2653
579,6.0,6.3252999999999995
580,12.0,6.3853
581,4.0,6.4253
582,15.99,6.4152
583,11.0,6.3351999999999995
584,11.0,6.375299999999999
585,10.0,6.4753
586,-0.02,6.4751
587,18.0,6.5051
588,10.0,6.5851
589,0.0,6.5550999999999995
590,8.0,6.6350999999999996
591,8.0,6.5550999999999995
592,-0.03,6.5549
593,0.0,6.5552
594,15.0,6.7052
595,0.0,6.7054
596,-0.02,6.7056
597,9.0,6.6655999999999995
598,16.0,6.8256
599,-0.01,6.8256
600,3.0,6.7056
601,0.0,6.605599999999999
602,12.0,6.725599999999999
603,22.0,6.805599999999999
604,13.0,6.9056
605,-0.01,6.9057
606,11.0,7.0158000000000005
607,-0.03,6.8256
608,-0.02,6.8255
609,24.99,7.0756
610,8.0,7.015599999999999
611,0.0,6.885599999999999
612,9.0,6.975599999999999
613,7.0,7.045599999999999
614,9.0,7.055599999999999
615,18.0,7.2356
616,6.0,7.1255999999999995
617,10.0,7.225700000000001
618,-0.02,7.1655
619,11.0,7.0355
620,4.0,6.9955
621,-0.01,6.9955
622,13.99,7.1354
623,13.0,7.075399999999999
624,0.0,6.945399999999999
625,6.0,7.005599999999999
626,0.0,6.9456
627,0.0,6.9458
628,15.0,7.0158000000000005
629,-0.02,6.7756
630,8.0,6.595700000000001
631,6.0,6.635700000000001
632,-0.01,6.635700000000001
633,0.0,6.4557
634,1.99,6.3256
635,-0.02,6.325399999999999
636,-0.02,6.3252
637,15.0,6.3452
638,16.0,6.505199999999999
639,0.0,6.4154
640,13.0,6.5454
641,27.99,6.8252999999999995
642,0.0,6.8252999999999995
643,17.0,6.995299999999999
644,9.0,7.0855999999999995
645,16.0,7.2457
646,0.0,7.1257
647,-0.01,7.1255999999999995
648,3.0,7.095599999999999
649,23.0,7.225599999999999
650,14.0,7.3656
651,0.0,7.3656
652,-0.01,7.3657
653,0.0,7.3657
654,0.0,7.255700000000001
655,-0.01,7.0855999999999995
656,-0.02,6.905399999999999
657,3.0,6.9354
658,7.0,6.8153999999999995
659,21.0,7.025499999999999
660,15.0,7.175599999999999
661,-0.05,7.0651
662,-0.02,6.8949
663,0.0,6.8249
664,7.99,6.9048
665,11.0,7.0149
666,0.0,7.0151
667,7.0,6.9753
668,15.0,6.9853
669,0.0,6.8953
670,15.0,6.9653
671,1.0,6.975599999999999
672,20.99,6.975499999999999
673,6.0,6.935499999999999
674,-0.02,6.9353
675,-0.02,6.8850999999999996
676,-0.02,6.8449
677,-0.01,6.845
678,26.0,6.955
679,17.0,7.065
680,9.0,7.035
681,13.98,7.1348
682,0.0,6.9749
683,11.0,6.9749
684,-0.01,6.8648
685,13.0,6.8948
686,0.0,6.895
687,15.0,6.865
688,-0.01,6.7649
689,-0.03,6.764600000000001
690,6.99,6.7545
691,7.0,6.7445
692,0.0,6.744800000000001
693,-0.02,6.7446
694,4.0,6.634600000000001
695,-0.03,6.6343
696,22.0,6.854500000000001
697,-0.01,6.764399999999999
698,11.0,6.7143999999999995
699,-0.02,6.7143
700,22.98,6.9140999999999995
701,-0.02,6.9139
702,12.0,6.9139
703,17.99,6.8738
704,0.0,6.7438
705,-0.02,6.7437000000000005
706,12.0,6.7537
707,-0.02,6.7538
708,-0.01,6.7539
709,-0.01,6.5039
710,24.99,6.6738
711,-0.02,6.6736
712,-0.02,6.5834
713,13.99,6.653300000000001
714,-0.02,6.5630999999999995
715,5.0,6.4331
716,-0.01,6.372999999999999
717,10.0,6.372999999999999
718,10.0,6.4732
719,0.0,6.363200000000001
720,-0.01,6.323099999999999
721,6.0,6.3832
722,-0.01,6.243200000000001
723,14.0,6.2532000000000005
724,-0.01,6.2531
725,0.0,6.193099999999999
726,18.0,6.373099999999999
727,-0.01,6.372999999999999
728,11.0,6.332999999999999
729,0.0,6.333200000000001
730,-0.01,6.2531
731,15.0,6.3431
732,-0.01,6.3431
733,23.0,6.573099999999999
734,6.0,6.613200000000001
735,-0.01,6.613300000000001
736,19.0,6.8035000000000005
737,10.0,6.7535
738,13.0,6.7235000000000005
739,-0.02,6.7233
740,-0.01,6.5932
741,6.0,6.3733
742,6.99,6.443200000000001
743,18.0,6.453200000000001
744,0.0,6.363200000000001
745,16.0,6.363200000000001
746,18.0,6.543200000000001
747,19.0,6.733300000000001
748,14.0,6.8433
749,11.0,6.7233
750,18.0,6.7633
751,9.0,6.853300000000001
752,8.0,6.933400000000001
753,-0.03,6.9331
754,10.0,7.033099999999999
755,0.0,7.033200000000001
756,0.0,7.0334
757,19.0,7.1934000000000005
758,14.99,7.273300000000001
759,-0.01,7.0632
760,13.0,7.043200000000001
761,3.0,7.0737
762,6.0,7.1339
763,0.0,7.1339
764,7.0,7.124
765,12.0,7.1339999999999995
766,5.98,7.1937999999999995
767,18.0,7.3038
768,10.0,7.2538
769,0.0,7.2538
770,22.0,7.3238
771,-0.01,7.3137
772,13.0,7.2338
773,16.0,7.3338
774,8.0,7.414
775,2.0,7.4342
776,11.0,7.5444
777,-0.07,7.5438
778,19.0,7.4738
779,-0.01,7.3037
780,7.0,7.2837
781,-0.02,7.1437
782,12.99,7.2736
783,7.99,7.2435
784,15.0,7.3936
785,13.0,7.3936
786,22.0,7.6136
787,13.0,7.5936
788,0.0,7.5937
789,3.99,7.6339
790,0.0,7.564
791,16.0,7.654
792,11.0,7.763999999999999
793,9.0,7.8542
794,6.0,7.874199999999999
795,16.0,8.034500000000001
796,-0.02,7.814299999999999
797,10.0,7.9144000000000005
798,-0.02,7.8042
799,0.0,7.8044
800,5.0,7.6246
801,21.98,7.844600000000001
802,4.98,7.774400000000001
803,-0.01,7.5944
804,-0.01,7.5943
805,-0.01,7.5944
806,21.0,7.6844
807,0.0,7.6846000000000005
808,18.0,7.8647
809,-0.01,7.8647
810,-0.02,7.6146
811,0.0,7.6148
812,-0.01,7.6149000000000004
813,-0.01,7.4749
814,15.0,7.6251
815,-0.01,7.575
816,17.0,7.7451
817,10.98,7.7549
818,0.0,7.6549000000000005
819,0.0,7.6549000000000005
820,12.98,7.784800000000001
821,-0.02,7.724600000000001
822,-0.01,7.724600000000001
823,25.98,7.8444
824,0.0,7.8445
825,23.0,8.0745
826,-0.060000000000000005,7.8938999999999995
827,-0.02,7.8938
828,5.0,7.8338
829,13.0,7.9638
830,1.0,7.9738999999999995
831,0.0,7.8239
832,0.0,7.824
833,0.0,7.593999999999999
834,-0.02,7.5338
835,20.0,7.7339
836,16.0,7.7039
837,16.0,7.7639
838,0.0,7.6339
839,13.0,7.7641
840,10.99,7.874099999999999
841,17.0,7.9841
842,9.0,8.004199999999999
843,7.0,7.8942
844,0.0,7.8942
845,3.0,7.7642
846,-0.01,7.584099999999999
847,13.0,7.5241
848,-0.01,7.3839999999999995
849,-0.02,7.2738
850,-0.060000000000000005,7.0932
851,3.95,7.0427
852,-0.01,6.9626
853,15.98,7.1227
854,17.0,7.192699999999999
855,14.0,7.3327
856,12.99,7.4626
857,9.0,7.3626
858,0.0,7.2127
859,0.0,7.2128
860,-0.02,7.0826
861,0.0,7.0526
862,9.0,7.0826
863,4.0,7.1226
864,0.0,7.0526
865,12.0,7.0526
866,-0.02,6.9925999999999995
867,-0.08,6.8118
868,0.0,6.711799999999999
869,1.0,6.721799999999999
870,-0.01,6.5017
871,-0.02,6.5016
872,18.0,6.5516
873,22.0,6.611599999999999
874,11.0,6.6415999999999995
875,-0.02,6.6213999999999995
876,-0.01,6.5113
877,8.0,6.5920000000000005
878,9.0,6.492000000000001
879,10.0,6.5921
880,-0.02,6.5219000000000005
881,13.0,6.652100000000001
882,-0.01,6.5221
883,15.0,6.5922
884,14.99,6.5921
885,-0.01,6.462000000000001
886,0.0,6.242000000000001
887,26.0,6.372000000000001
888,6.0,6.432
889,-0.02,6.391900000000001
890,14.0,6.5319
891,12.99,6.501799999999999
892,13.98,6.5316
893,-0.01,6.4415
894,8.0,6.4615
895,7.0,6.3715
896,11.0,6.4817
897,0.0,6.3816999999999995
898,10.0,6.4819
899,20.98,6.6917
900,5.0,6.6917
901,11.0,6.581900000000001
902,0.0,6.532100000000001
903,-0.02,6.532
904,16.0,6.6921
905,0.0,6.692200000000001
906,10.0,6.5822
907,-0.02,6.582000000000001
908,0.0,6.402
909,-0.01,6.402
910,14.0,6.5422
911,7.0,6.6122000000000005
912,-0.04,6.6119
913,0.0,6.612
914,-0.02,6.461799999999999
915,0.0,6.461900000000001
916,9.0,6.381900000000001
917,26.97,6.541799999999999
918,8.99,6.6316999999999995
919,23.0,6.8617
920,3.0,6.761900000000001
921,27.0,7.032100000000001
922,-0.03,7.0319
923,7.0,6.8421
924,12.0,6.9621
925,25.0,6.9821
926,21.0,7.192699999999999
927,-0.04,7.1925
928,10.0,7.2425
929,0.0,7.1125
930,0.0,7.1025
931,13.0,7.2325
932,-0.02,7.2323
933,19.0,7.4223
934,13.0,7.5525
935,2.99,7.3824000000000005
936,0.97,7.2321
937,10.99,7.182
938,5.97,7.2417
939,11.0,7.221699999999999
940,-0.02,7.111599999999999
941,15.0,7.0916
942,-0.01,7.0015
943,0.0,6.9315
944,6.0,6.991499999999999
945,0.0,6.9615
946,12.0,7.0816
947,4.0,6.9916
948,9.0,7.0817
949,7.0,7.1519
950,10.0,7.2525
951,8.99,7.302899999999999
952,19.98,7.5028
953,20.0,7.542999999999999
954,12.99,7.5028999999999995
955,6.98,7.4327
956,4.0,7.3427999999999995
957,30.0,7.5527999999999995
958,0.0,7.5527999999999995
959,11.0,7.6628
960,0.0,7.662999999999999
961,-0.01,7.6629
962,-0.01,7.5728
963,14.0,7.6728
964,5.0,7.722799999999999
965,15.0,7.7528
966,14.96,7.9026
967,0.0,7.9034
968,3.98,7.943200000000001
969,10.0,8.0332
970,8.0,8.1133
971,8.0,8.1935
972,13.0,8.1435
973,-0.02,7.9233
974,5.0,7.863300000000001
975,14.0,8.0035
976,15.0,8.1536
977,11.97,8.1933
978,8.0,8.183300000000001
979,-0.02,8.0831
980,11.99,8.2032
981,-0.02,8.073
982,14.99,8.222999999999999
983,8.99,8.1629
984,8.0,8.093
985,12.0,8.2131
986,12.0,8.3331
987,-0.02,8.072899999999999
988,11.0,8.1229
989,7.97,8.2028
990,11.0,8.1728
991,16.0,8.2029
992,15.97,8.2228
993,6.0,8.2829
994,-0.05,8.2024
995,3.99,8.1723
996,10.0,8.1623
997,10.0,8.2623
998,8.0,8.2423
999,-0.02,8.0323
1000,16.0,8.1423
1001,0.0,8.0323
1002,22.0,8.2523
1003,7.0,8.3225
1004,13.0,8.2925
1005,23.0,8.5225
1006,11.0,8.5325
1007,0.0,8.5327
1008,10.99,8.6426
1009,3.99,8.6826
1010,17.0,8.7126
1011,-0.02,8.6424
1012,-0.01,8.6427
1013,4.0,8.6827
1014,8.99,8.7728
1015,9.0,8.8628
1016,10.98,8.8826
1017,9.99,8.7128
1018,14.0,8.7629
1019,16.99,8.7028
1020,8.99,8.7627
1021,9.99,8.5926
1022,13.0,8.7229
1023,14.0,8.7929
1024,8.0,8.7529
1025,-0.060000000000000005,8.5023
1026,6.0,8.3523
1027,8.97,8.4424
1028,-0.03,8.3421
1029,12.0,8.4621
1030,17.0,8.632100000000001
1031,10.0,8.6021
1032,9.0,8.6923
1033,15.98,8.6621
1034,15.0,8.6821
1035,22.0,8.8722
1036,2.0,8.8825
1037,10.0,8.8726
1038,12.99,8.9428
1039,15.98,8.9926
1040,5.0,9.0428
1041,11.0,9.0028
1042,10.0,9.1029
1043,0.0,9.1029
1044,-0.01,9.0428
1045,0.0,9.0428
1046,1.0,8.9328
1047,-0.03,8.8925
1048,6.98,8.872300000000001
1049,6.0,8.8623
1050,-0.03,8.762
1051,-0.04,8.6717
1052,-0.03,8.4716
1053,11.0,8.381599999999999
1054,-0.01,8.2516
1055,-0.03,8.1815
1056,22.97,8.3712
1057,23.0,8.3012
1058,7.99,8.3811
1059,17.99,8.451
1060,19.0,8.641
1061,-0.01,8.641
1062,-0.01,8.641
1063,15.0,8.651
1064,10.0,8.701
1065,-0.03,8.5507
1066,-0.01,8.401
1067,13.0,8.531
1068,21.0,8.7012
1069,15.0,8.7512
1070,15.0,8.8212
1071,-0.02,8.741
1072,-0.03,8.610700000000001
1073,8.99,8.700800000000001
1074,16.0,8.8108
1075,9.96,8.7704
1076,17.0,8.7904
1077,24.0,8.9107
1078,4.0,8.870700000000001
1079,23.0,9.100900000000001
1080,9.0,9.071
1081,-0.060000000000000005,9.070599999999999
1082,-0.02,8.920499999999999
1083,15.0,8.980599999999999
1084,11.0,9.0106
1085,20.99,9.1005
1086,11.0,9.090499999999999
1087,7.99,9.1706
1088,11.0,9.1706
1089,9.0,9.180900000000001
1090,16.0,9.2309
1091,-0.02,9.0707
1092,1.0,8.921
1093,2.0,8.881
1094,12.99,9.0114
1095,15.99,9.1314
1096,-0.05,9.0309
1097,0.0,8.930900000000001
1098,19.0,9.0409
1099,-0.01,9.041
1100,16.0,9.041
1101,5.97,9.1007
1102,5.99,8.9406
1103,0.0,8.8706
1104,8.0,8.820599999999999
1105,8.0,8.6706
1106,-0.02,8.5604
1107,-0.05,8.5599
1108,11.0,8.56
1109,5.99,8.58
1110,-0.01,8.4099
1111,0.0,8.4101
1112,12.0,8.5302
1113,11.0,8.6002
1114,16.99,8.6802
1115,5.0,8.6402
1116,-0.01,8.5303
1117,13.0,8.5604
1118,-0.01,8.4203
1119,17.0,8.420399999999999
1120,0.0,8.330499999999999
1121,11.98,8.3504
1122,5.0,8.2704
1123,-0.03,8.1301
1124,4.0,8.0901
1125,15.0,8.2407
1126,0.0,8.1807
1127,15.0,8.241
1128,9.99,8.3412
1129,5.99,8.2811
1130,14.99,8.261000000000001
1131,12.0,8.281
1132,26.0,8.451
1133,-0.03,8.2909
1134,-0.03,8.1406
1135,19.0,8.1106
1136,16.99,8.2605
1137,-0.02,8.1603
1138,1.99,8.0503
1139,2.99,7.9204
1140,-0.01,7.870299999999999
1141,-0.03,7.76
1142,12.99,7.7899
1143,19.0,7.9799
1144,19.0,8.17
1145,-0.01,8.1699
1146,20.0,8.3599
1147,8.0,8.440199999999999
1148,23.0,8.6004
1149,-0.01,8.5403
1150,1.99,8.5605
1151,0.0,8.5609
1152,14.0,8.7012
1153,18.0,8.7712
1154,18.0,8.9513
1155,-0.01,8.9515
1156,12.99,8.8517
1157,17.0,8.791699999999999
1158,18.0,8.8918
1159,10.0,8.811900000000001
1160,15.0,8.7719
1161,-0.060000000000000005,8.7714
1162,-0.03,8.7712
1163,13.98,8.761000000000001
1164,9.0,8.751
1165,21.0,8.9613
1166,8.98,9.0512
1167,14.98,9.071
1168,13.99,9.0009
1169,11.0,8.9609
1170,11.0,8.9209
1171,10.0,9.0211
1172,18.0,9.2014
1173,10.0,9.2115
1174,21.0,9.2615
1175,10.0,9.2619
1176,5.0,9.1419
1177,15.0,9.0519
1178,3.0,9.0419
1179,8.0,8.8919
1180,11.0,8.911900000000001
1181,8.0,8.9925
1182,13.0,9.1227
1183,12.0,9.0927
1184,25.0,9.2327
1185,-0.04,9.0224
1186,17.0,9.0824
1187,12.0,9.1225
1188,-0.02,9.0123
1189,15.0,9.0723
1190,5.0,8.9623
1191,15.0,9.1125
1192,6.0,9.1625
1193,-0.03,9.1422
1194,8.98,9.1021
1195,13.0,9.0722
1196,-0.05,9.0722
1197,7.0,9.1422
1198,7.99,9.0321
1199,16.99,9.2021
1200,18.0,9.222100000000001
1201,7.0,9.2324
1202,18.99,9.362400000000001
1203,17.0,9.5324
1204,-0.05,9.4519
1205,-0.01,9.3718
1206,8.0,9.452
1207,-0.05,9.452
1208,14.0,9.482000000000001
1209,-0.03,9.4218
1210,-0.01,9.4218
1211,5.0,9.4718
1212,-0.03,9.3515
1213,8.0,9.3215
1214,15.0,9.3016
1215,-0.02,9.2514
1216,-0.08,9.2507
1217,0.0,9.120700000000001
1218,-0.04,9.1204
1219,0.99,8.9603
1220,4.98,9.0101
1221,17.0,9.0603
1222,11.0,9.1203
1223,6.0,9.1806
1224,8.0,9.2206
1225,10.99,9.1805
1226,12.0,9.3005
1227,10.0,9.250499999999999
1228,-0.03,9.1503
1229,1.98,9.110199999999999
1230,19.0,9.1503
1231,12.0,9.1503
1232,3.96,8.9299
1233,-0.01,8.9301
1234,-0.02,8.9302
1235,14.0,8.8802
1236,0.0,8.7103
1237,8.0,8.7905
1238,-0.04,8.770199999999999
1239,-0.02,8.7401
1240,-0.060000000000000005,8.739600000000001
1241,9.0,8.8299
1242,-0.02,8.6998
1243,12.0,8.6298
1244,12.0,8.559800000000001
1245,0.0,8.5599
1246,8.0,8.4399
1247,24.0,8.5999
1248,6.93,8.4392
1249,5.0,8.4893
1250,20.0,8.669400000000001
1251,5.0,8.7194
1252,17.0,8.749400000000001
1253,7.0,8.6394
1254,1.0,8.4694
1255,7.96,8.5491
1256,16.0,8.5792
1257,13.94,8.5486
1258,11.97,8.4883
1259,28.0,8.6683
1260,17.0,8.6883
1261,-0.02,8.6887
1262,7.0,8.759
1263,-0.02,8.619
1264,2.98,8.5588
1265,-0.03,8.3485
1266,15.0,8.4087
1267,12.0,8.3789
1268,12.99,8.3689
1269,19.0,8.4489
1270,20.98,8.5487
1271,19.0,8.6387
1272,-0.04,8.458300000000001
1273,16.99,8.5282
1274,8.0,8.398200000000001
1275,13.0,8.4282
1276,19.0,8.568200000000001
1277,13.0,8.548200000000001
1278,1.99,8.5381
1279,0.0,8.4581
1280,5.98,8.4079
1281,2.0,8.3479
1282,3.0,8.2479
1283,12.0,8.2479
1284,-0.04,7.9975
1285,13.99,8.1378
1286,5.0,8.0178
1287,8.0,7.977799999999999
1288,13.98,8.117799999999999
1289,25.0,8.2178
1290,5.0,8.2178
1291,-0.02,8.0676
1292,12.99,8.1375
1293,-0.03,8.1375
1294,-0.02,8.0475
1295,14.0,8.0575
1296,-0.01,8.0579
1297,-0.03,7.9876
1298,-0.060000000000000005,7.907100000000001
1299,18.98,7.9270000000000005
1300,4.99,7.796900000000001
1301,5.0,7.7769
1302,-0.02,7.586799999999999
1303,9.0,7.506799999999999
1304,16.0,7.6673
1305,0.0,7.6674
1306,2.0,7.6074
1307,20.0,7.8079
1308,7.0,7.7379
1309,3.0,7.7682
1310,6.0,7.8283000000000005
1311,11.0,7.8883
1312,8.0,7.9686
1313,2.0,7.9086
1314,-0.04,7.7582
1315,14.0,7.8984000000000005
1316,13.98,8.039
1317,-0.03,8.0387
1318,-0.060000000000000005,8.0385
1319,15.0,8.1786
1320,13.0,8.2588
1321,2.99,8.1187
1322,2.0,8.0287
1323,0.0,7.9687
1324,13.0,8.0187
1325,5.0,7.9588
1326,-0.03,7.8385
1327,14.99,7.888400000000001
1328,-0.01,7.8886
1329,10.96,7.978400000000001
1330,0.0,7.7884
1331,23.0,7.8984000000000005
1332,14.0,7.9988
1333,13.0,8.1289
1334,-0.05,8.1286
1335,11.98,8.1084
1336,9.0,8.1984
1337,14.0,8.2584
1338,18.0,8.4388
1339,11.0,8.549
1340,-0.060000000000000005,8.549
1341,21.0,8.669
1342,-0.03,8.6689
1343,2.99,8.5788
1344,21.0,8.6688
1345,8.0,8.7488
1346,5.0,8.7188
1347,22.0,8.6988
1348,10.0,8.7295
1349,6.0,8.7395
1350,-0.02,8.539299999999999
1351,8.0,8.5693
1352,17.0,8.5693
1353,16.0,8.6593
1354,12.0,8.7693
1355,9.0,8.7797
1356,9.99,8.7196
1357,9.99,8.6801
1358,6.99,8.6303
1359,10.0,8.4503
1360,12.0,8.4003
1361,14.97,8.5502
1362,-0.03,8.4799
1363,5.97,8.5398
1364,8.0,8.59
1365,17.99,8.770199999999999
1366,16.0,8.7802
1367,9.0,8.7502
1368,6.0,8.680299999999999
1369,17.99,8.6702
1370,6.0,8.5204
1371,17.0,8.500399999999999
1372,4.0,8.5408
1373,0.0,8.3709
1374,12.0,8.4109
1375,13.0,8.4109
1376,11.98,8.3407
1377,-0.060000000000000005,8.2101
1378,-0.02,8.19
1379,13.0,8.32
1380,-0.03,8.2599
1381,19.0,8.4299
1382,25.0,8.6499
1383,18.99,8.7198
1384,9.99,8.8201
1385,14.0,8.8202
1386,11.98,8.89
1387,22.99,9.0399
1388,9.0,8.9901
1389,16.0,8.9001
1390,0.0,8.8501
1391,14.97,9.0
1392,16.0,9.0301
1393,15.0,9.180399999999999
1394,14.99,9.330499999999999
1395,-0.04,9.1901
1396,11.0,9.3002
1397,16.0,9.4605
1398,14.0,9.6011
1399,-0.04,9.4109
1400,8.97,9.450700000000001
1401,14.0,9.540700000000001
1402,8.98,9.630700000000001
1403,10.0,9.6407
1404,-0.04,9.4803
1405,21.0,9.6903
1406,8.0,9.7503
1407,4.0,9.5903
1408,8.98,9.6101
1409,3.98,9.6199
1410,-0.02,9.5597
1411,11.0,9.5597
1412,10.0,9.5797
1413,3.0,9.5897
1414,15.0,9.7401
1415,9.0,9.6901
1416,15.96,9.7099
1417,21.0,9.9202
1418,10.0,10.020800000000001
1419,20.0,10.0708
1420,-0.05,9.9403
1421,17.0,10.0804
1422,13.0,10.1904
1423,-0.03,10.1901
1424,15.0,10.2101
1425,-0.05,10.159600000000001
1426,16.0,10.3199
1427,-0.05,10.169500000000001
1428,8.0,10.249600000000001
1429,16.97,10.3097
1430,5.96,10.3693
1431,-0.060000000000000005,10.1387
1432,19.0,10.1887
1433,10.98,10.1685
1434,9.0,10.259
1435,-0.03,10.1389
1436,10.0,10.1489
1437,15.0,10.1589
1438,10.0,10.078899999999999
1439,14.99,10.1188
1440,13.96,10.259
1441,9.0,10.139
1442,4.95,10.1888
1443,25.0,10.408900000000001
1444,14.0,10.3389
1445,7.97,10.3386
1446,2.97,10.318299999999999
1447,-0.04,10.0979
1448,14.96,10.1475
1449,8.0,10.1675
1450,8.98,10.2575
1451,-0.04,10.177100000000001
1452,13.0,10.1371
1453,25.0,10.2271
1454,6.0,10.1671
1455,12.98,10.206900000000001
1456,6.97,10.1767
1457,-0.04,10.0764
1458,11.0,10.1165
1459,9.97,10.1162
1460,-0.05,9.995700000000001
1461,-0.060000000000000005,9.8454
1462,8.0,9.9257
1463,8.0,9.946
1464,19.0,10.056000000000001
1465,-0.01,9.876
1466,14.0,9.856
1467,13.0,9.896
1468,17.0,10.006
1469,15.0,9.9761
1470,11.0,10.0261
1471,10.0,9.9561
1472,-0.07,9.9154
1473,24.0,10.1554
1474,8.0,10.1154
1475,-0.08,9.9846
1476,-0.02,9.864600000000001
1477,20.0,10.065199999999999
1478,15.0,10.215399999999999
1479,2.99,10.1153
1480,13.98,10.2554
1481,-0.060000000000000005,10.0648
1482,10.0,9.9148
1483,16.0,9.8849
1484,12.0,9.905
1485,-0.07,9.764299999999999
1486,10.99,9.7544
1487,22.0,9.7445
1488,8.0,9.7345
1489,25.0,9.8245
1490,15.0,9.9745
1491,-0.060000000000000005,9.8242
1492,21.99,9.8841
1493,13.99,9.874
1494,-0.08,9.7233
1495,11.0,9.8337
1496,9.0,9.8137
1497,16.0,9.8137
1498,9.0,9.7637
1499,9.99,9.863999999999999
1500,14.99,9.924199999999999
1501,8.0,9.8642
1502,-0.060000000000000005,9.7738
1503,-0.01,9.6737
1504,-0.05,9.6736
1505,8.0,9.5436
1506,15.0,9.6136
1507,4.0,9.6136
1508,-0.05,9.5233
1509,13.0,9.6135
1510,7.0,9.6837
1511,-0.02,9.573500000000001
1512,8.99,9.5634
1513,-0.05,9.5329
1514,12.99,9.5128
1515,6.0,9.4828
1516,16.0,9.4832
1517,6.98,9.343
1518,7.0,9.312999999999999
1519,18.99,9.3029
1520,-0.03,9.303099999999999
1521,0.0,9.133099999999999
1522,0.96,9.0127
1523,9.0,9.103
1524,-0.060000000000000005,8.9524
1525,14.0,9.0929
1526,10.0,9.0329
1527,25.98,9.2932
1528,14.97,9.3629
1529,2.98,9.222999999999999
1530,7.0,9.2334
1531,11.0,9.344
1532,26.0,9.414
1533,19.0,9.4942
1534,16.98,9.574
1535,19.0,9.764299999999999
1536,15.99,9.8242
1537,17.0,9.844199999999999
1538,15.0,9.8942
1539,0.0,9.744299999999999
1540,18.98,9.794500000000001
1541,5.0,9.7545
1542,-0.04,9.704600000000001
1543,12.0,9.5746
1544,-0.03,9.4343
1545,9.0,9.444600000000001
1546,-0.05,9.4144
1547,-0.04,9.4144
1548,12.0,9.3848
1549,18.96,9.4944
1550,13.97,9.5443
1551,-0.03,9.544400000000001
1552,4.95,9.4639
1553,-0.060000000000000005,9.2133
1554,11.98,9.273100000000001
1555,1.0,9.1533
1556,14.99,9.2335
1557,9.0,9.3239
1558,26.0,9.4739
1559,13.97,9.5139
1560,9.0,9.6044
1561,11.0,9.715
1562,18.0,9.815
1563,-0.03,9.7347
1564,9.0,9.6347
1565,18.98,9.8246
1566,13.0,9.8146
1567,-0.08,9.6838
1568,11.0,9.6238
1569,8.99,9.5637
1570,9.99,9.5536
1571,17.0,9.6236
1572,6.97,9.693999999999999
1573,7.99,9.5339
1574,10.95,9.5634
1575,-0.04,9.5638
1576,7.0,9.634
1577,4.0,9.474
1578,8.0,9.404
1579,4.99,9.424
1580,8.0,9.3642
1581,-0.04,9.3644
1582,15.0,9.4144
1583,-0.060000000000000005,9.2538
1584,14.0,9.2738
1585,-0.03,9.2742
1586,3.97,9.204
1587,13.94,9.1234
1588,7.99,9.1233
1589,10.0,8.9733
1590,3.98,8.863100000000001
1591,17.98,9.0435
1592,-0.04,8.8232
1593,9.0,8.7733
1594,15.0,8.9241
1595,11.0,8.9241
1596,24.0,9.0741
1597,13.0,9.0441
1598,26.95,9.2236
1599,3.0,9.1537
1600,9.98,9.1036
1601,19.0,9.2136
1602,-0.060000000000000005,9.2136
1603,-0.03,9.2134
1604,15.96,9.3735
1605,12.0,9.4135
1606,20.99,9.4734
1607,7.0,9.503400000000001
1608,-0.04,9.5035
1609,4.0,9.4135
1610,18.96,9.533100000000001
1611,26.99,9.8032
1612,4.0,9.753300000000001
1613,-0.02,9.7536
1614,-0.04,9.6233
1615,9.95,9.662799999999999
1616,-0.04,9.5024
1617,9.0,9.5226
1618,13.0,9.5826
1619,3.0,9.422699999999999
1620,-0.060000000000000005,9.4224
1621,9.0,9.5124
1622,10.99,9.6127
1623,21.0,9.7327
1624,16.95,9.9028
1625,22.99,9.9927
1626,15.0,10.0427
1627,17.0,9.9529
1628,0.0,9.8032
1629,5.99,9.833300000000001
1630,14.0,9.9033
1631,-0.04,9.7929
1632,17.0,9.7029
1633,10.0,9.6129
1634,23.0,9.6731
1635,15.0,9.633099999999999
1636,14.0,9.6132
1637,22.0,9.6632
1638,11.0,9.6232
1639,1.0,9.6332
1640,10.0,9.5434
1641,10.0,9.5934
1642,-0.04,9.5934
1643,18.0,9.6534
1644,5.96,9.7133
1645,-0.060000000000000005,9.6227
1646,-0.04,9.6228
1647,16.0,9.7832
1648,5.0,9.7132
1649,9.97,9.6233
1650,-0.04,9.4832
1651,-0.04,9.4831
1652,16.0,9.5936
1653,-0.04,9.5938
1654,22.0,9.693999999999999
1655,14.0,9.824
1656,21.0,9.8841
1657,9.98,9.8939
1658,4.0,9.6739
1659,15.99,9.694099999999999
1660,10.0,9.7041
1661,-0.05,9.5936
1662,-0.03,9.4133
1663,6.0,9.4736
1664,20.0,9.5836
1665,-0.03,9.3935
1666,13.0,9.3935
1667,7.0,9.4643
1668,13.98,9.4941
1669,-0.08,9.4034
1670,15.0,9.4535
1671,-0.04,9.2831
1672,16.0,9.3734
1673,-0.060000000000000005,9.2929
1674,-0.05,9.1829
1675,10.99,9.2932
1676,18.0,9.4032
1677,8.0,9.443200000000001
1678,12.98,9.493
1679,-0.04,9.4427
1680,15.0,9.5127
1681,13.98,9.652899999999999
1682,11.97,9.6226
1683,8.0,9.7032
1684,-0.03,9.562899999999999
1685,14.0,9.7032
1686,15.95,9.823
1687,8.97,9.7733
1688,16.0,9.8534
1689,5.99,9.8133
1690,-0.03,9.773200000000001
1691,-0.03,9.5931
1692,19.0,9.7835
1693,13.0,9.823500000000001
1694,4.0,9.7135
1695,20.0,9.8035
1696,17.0,9.7335
1697,-0.04,9.6031
1698,18.0,9.5136
1699,22.99,9.7135
1700,2.0,9.6337
1701,-0.060000000000000005,9.4431
1702,14.0,9.5837
1703,18.0,9.764
1704,-0.060000000000000005,9.6038
1705,22.0,9.7038
1706,2.0,9.5139
1707,-0.060000000000000005,9.4433
1708,13.0,9.5737
1709,3.0,9.5637
1710,22.96,9.6037
1711,16.97,9.5035
1712,14.97,9.6132
1713,21.0,9.8234
1714,23.99,10.0637
1715,27.97,10.243900000000002
1716,8.0,10.324300000000001
1717,5.97,10.294
1718,7.0,10.234
1719,13.0,10.334000000000001
1720,23.0,10.5646
1721,5.0,10.5246
1722,-0.03,10.4144
1723,8.0,10.2844
1724,16.98,10.2847
1725,1.0,10.0648
1726,11.99,10.0347
1727,9.0,9.9547
1728,12.0,10.0747
1729,2.0,10.0348
1730,9.98,9.9946
1731,-0.03,9.9947
1732,9.0,9.9147
1733,23.0,10.0447
1734,16.99,9.9846
1735,0.0,9.8346
1736,-0.05,9.694099999999999
1737,8.0,9.5541
1738,9.96,9.5437
1739,4.97,9.583400000000001
1740,9.0,9.5734
1741,13.0,9.6034
1742,6.0,9.6638
1743,13.0,9.6138
1744,2.0,9.5742
1745,-0.08,9.574
1746,20.0,9.7744
1747,5.99,9.674299999999999
1748,10.96,9.7339
1749,8.0,9.7142
1750,23.96,9.9542
1751,20.0,10.1546
1752,8.0,10.0746
1753,9.0,10.165
1754,-0.04,9.944600000000001
1755,16.97,9.9743
1756,8.0,9.844299999999999
1757,17.0,9.9145
1758,6.99,9.9444
1759,12.95,9.914
1760,17.0,9.984
1761,1.0,9.9945
1762,7.99,10.0747
1763,18.99,10.204600000000001
1764,22.97,10.2343
1765,-0.060000000000000005,10.234
1766,11.99,10.2239
1767,0.0,10.1539
1768,14.95,10.1636
1769,0.98,10.174199999999999
1770,-0.060000000000000005,10.0236
1771,2.97,10.0537
1772,-0.05,9.8932
1773,23.0,10.1238
1774,-0.09999999999999999,10.1233
1775,12.0,10.1334
1776,16.0,10.1134
1777,14.0,10.1734
1778,6.0,10.1036
1779,14.0,10.244000000000002
1780,5.0,10.144
1781,8.0,10.0842
1782,12.0,10.0845
1783,13.0,10.134500000000001
1784,17.0,10.3048
1785,11.0,10.2748
1786,25.0,10.3653
1787,-0.060000000000000005,10.275
1788,10.99,10.2249
1789,-0.060000000000000005,10.164399999999999
1790,16.0,10.3247
1791,10.0,10.425
1792,-0.01,10.2349
1793,13.0,10.2349
1794,2.98,10.2247
1795,23.0,10.2547
1796,-0.060000000000000005,10.0841
1797,16.0,10.2445
1798,22.0,10.284500000000001
1799,10.0,10.1546
1800,11.96,10.2542
1801,2.0,10.2748
1802,16.0,10.2948
1803,15.99,10.274700000000001
1804,3.95,10.3148
1805,24.98,10.3446
1806,-0.07,10.323900000000002
1807,19.0,10.5145
1808,9.0,10.4745
1809,5.0,10.4945
1810,-0.04,10.2645
1811,15.96,10.2544
1812,19.0,10.2947
1813,20.0,10.2847
1814,11.99,10.1647
1815,-0.04,9.8846
1816,15.99,9.964500000000001
1817,13.0,10.0348
1818,9.0,10.0548
1819,9.0,10.014800000000001
1820,-0.05,9.7843
1821,11.0,9.844299999999999
1822,11.0,9.954600000000001
1823,-0.060000000000000005,9.874
1824,-0.04,9.7038
1825,26.99,9.9637
1826,-0.01,9.8437
1827,0.0,9.7537
1828,13.0,9.7637
1829,17.0,9.9137
1830,8.0,9.8939
1831,12.0,10.014199999999999
1832,2.0,9.9442
1833,7.0,9.7842
1834,11.0,9.7243
1835,-0.02,9.7241
1836,5.0,9.7746
1837,-0.060000000000000005,9.693999999999999
1838,13.97,9.7341
1839,13.0,9.814400000000001
1840,8.0,9.804400000000001
1841,14.0,9.814400000000001
1842,19.96,9.954
1843,8.0,9.904
1844,30.0,10.184
1845,3.0,10.2148
1846,18.0,10.1948
1847,14.0,10.2749
1848,11.95,10.2848
1849,6.0,10.264800000000001
1850,13.99,10.1651
1851,8.98,10.0549
1852,11.0,10.0849
1853,16.0,10.1549
1854,16.99,10.3252
1855,18.0,10.3355
1856,-0.060000000000000005,10.2549
1857,19.0,10.2749
1858,6.0,10.265
1859,17.0,10.3055
1860,19.0,10.3255
1861,7.0,10.3855
1862,24.99,10.5555
1863,-0.060000000000000005,10.365
1864,20.0,10.3353
1865,4.0,10.3759
1866,15.0,10.405999999999999
1867,13.97,10.5457
1868,14.0,10.5362
1869,8.98,10.6162
1870,3.0,10.6468
1871,10.0,10.7171
1872,7.0,10.7876
1873,3.97,10.5973
1874,11.99,10.7182
1875,7.97,10.6779
1876,11.0,10.6279
1877,19.0,10.6779
1878,20.0,10.8179
1879,-0.09999999999999999,10.6769
1880,24.0,10.866900000000001
1881,-0.060000000000000005,10.7863
1882,13.0,10.7963
1883,-0.05,10.665799999999999
1884,15.97,10.6555
1885,-0.09999999999999999,10.544500000000001
1886,-0.09,10.2936
1887,15.98,10.454
1888,13.0,10.4741
1889,4.98,10.5245
1890,12.0,10.4845
1891,-0.08,10.3837
1892,0.99,10.393699999999999
1893,3.98,10.3035
1894,17.0,10.4437
1895,2.0,10.2337
1896,22.97,10.464
1897,22.98,10.533800000000001
1898,-0.08,10.312999999999999
1899,20.0,10.413
1900,1.0,10.3034
1901,-0.09999999999999999,10.2824
1902,15.0,10.2724
1903,3.0,10.1425
1904,15.96,10.262599999999999
1905,15.0,10.162799999999999
1906,5.0,10.2135
1907,11.97,10.1432
1908,14.0,10.193200000000001
1909,-0.02,10.142999999999999
1910,-0.060000000000000005,10.1428
1911,8.0,10.0632
1912,-0.060000000000000005,9.8726
1913,5.97,9.7323
1914,17.0,9.7824
1915,7.0,9.8528
1916,8.0,9.7729
1917,-0.08,9.642100000000001
1918,5.0,9.6021
1919,12.0,9.632100000000001
1920,-0.09999999999999999,9.631599999999999
1921,8.96,9.6112
1922,11.0,9.6112
1923,22.0,9.8318
1924,-0.060000000000000005,9.8316
1925,9.98,9.6615
1926,-0.04,9.661200000000001
1927,-0.09999999999999999,9.6602
1928,14.0,9.6702
1929,-0.07,9.499500000000001
1930,9.0,9.509500000000001
1931,-0.02,9.389299999999999
1932,9.0,9.459299999999999
1933,16.0,9.549299999999999
1934,29.95,9.7388
1935,25.0,9.988999999999999
1936,-0.05,9.9385
1937,20.0,10.1391
1938,18.0,10.179400000000001
1939,3.97,10.0891
1940,11.0,10.1191
1941,11.0,10.0891
1942,-0.08,9.8887
1943,13.0,9.9387
1944,9.0,9.7287
1945,-0.05,9.6982
1946,-0.08,9.5174
1947,12.0,9.4974
1948,4.98,9.4277
1949,-0.08,9.366900000000001
1950,19.0,9.417
1951,15.98,9.487
1952,13.0,9.507
1953,-0.060000000000000005,9.3464
1954,17.0,9.346499999999999
1955,-0.08,9.165700000000001
1956,6.97,9.236
1957,-0.09999999999999999,9.045
1958,10.0,9.085
1959,4.0,8.955
1960,4.0,8.805
1961,13.0,8.865
1962,-0.07,8.6144
1963,16.96,8.784600000000001
1964,-0.05,8.5841
1965,22.0,8.7641
1966,14.99,8.764
1967,-0.060000000000000005,8.6237
1968,5.98,8.5435
1969,13.0,8.5837
1970,17.99,8.733600000000001
1971,16.0,8.7936
1972,12.93,8.8529
1973,0.0,8.8132
1974,-0.05,8.6928
1975,16.0,8.773100000000001
1976,-0.07,8.6624
1977,18.0,8.6524
1978,21.96,8.672
1979,0.0,8.673
1980,-0.08,8.4322
1981,13.0,8.5628
1982,9.99,8.5327
1983,15.0,8.683200000000001
1984,12.98,8.6533
1985,17.0,8.8243
1986,6.99,8.8951
1987,-0.08,8.7345
1988,0.0,8.6045
1989,16.0,8.7147
1990,1.99,8.614600000000001
1991,-0.08,8.614600000000001
1992,-0.03,8.6044
1993,11.0,8.6746
1994,-0.04,8.504199999999999
1995,20.0,8.684199999999999
1996,16.0,8.6145
1997,12.96,8.514299999999999
1998,-0.02,8.5149
1999,13.0,8.4449
2000,11.0,8.5449
